DBN,School Name,# Total Students,# Students in Temporary Housing,% Students in Temporary Housing,# Students Residing in Shelter,# Residing in DHS Shelter,# Residing in Non-DHS Shelter,# Doubled Up
01M015,P.S. 015 Roberto Clemente,192,59,30.7%,21,15,6,36
01M019,P.S. 019 Asher Levy,212,24,11.3%,14,s,s,9
01M020,P.S. 020 Anna Silver,417,57,13.7%,33,17,16,18
01M034,P.S. 034 Franklin D. Roosevelt,284,61,21.5%,37,22,15,24
01M063,The STAR Academy - P.S.63,215,38,17.7%,18,11,7,18
01M064,P.S. 064 Robert Simon,229,43,18.8%,15,s,s,27
01M110,P.S. 110 Florence Nightingale,375,50,13.3%,19,11,8,30
01M134,P.S. 134 Henrietta Szold,210,41,19.5%,16,s,s,20
01M140,P.S. 140 Nathan Straus,362,84,23.2%,32,19,13,47
01M142,P.S. 142 Amalia Castro,337,78,23.1%,20,s,s,55
01M184,P.S. 184m Shuang Wen,722,81,11.2%,s,s,s,79
01M188,P.S. 188 The Island School,398,160,40.2%,93,69,24,57
01M292,Orchard Collegiate Academy,296,35,11.8%,15,8,7,19
01M315,The East Village Community School,308,11,3.6%,s,s,s,9
01M332,University Neighborhood Middle School,208,41,19.7%,16,9,7,23
01M361,The Children's Workshop School,305,23,7.5%,s,s,s,16
01M363,Neighborhood School,299,7,2.3%,s,s,s,s
01M364,Earth School,293,43,14.7%,7,s,s,35
01M378,School for Global Leaders,191,24,12.6%,11,s,s,13
01M444,Home Schooling,94,16,17.0%,13,6,7,s
01M448,University Neighborhood High School,567,47,8.3%,7,s,s,38
01M450,East Side Community School,691,75,10.9%,13,s,s,58
01M458,Forsyth Satellite Academy,168,17,10.1%,12,6,6,s
01M515,Lower East Side Preparatory High School,518,75,14.5%,17,8,9,53
01M539,"New Explorations into Science, Technology and Math",1797,11,0.6%,s,s,s,8
01M650,Cascades High School,174,14,8.0%,7,s,s,s
01M696,Bard High School Early College,641,15,2.3%,s,s,s,10
01M700,Universal Pre-K C.B.O.,465,20,4.3%,12,s,s,7
01M839,Tompkins Square Middle School,354,28,7.9%,s,s,s,25
02M001,P.S. 001 Alfred E. Smith,243,22,9.1%,16,s,s,6
02M002,P.S. 002 Meyer London,425,65,15.3%,19,s,s,46
02M003,P.S. 003 Charrette School,611,s,s,s,s,s,s
02M006,P.S. 006 Lillie D. Blake,609,s,s,s,s,s,s
02M011,P.S. 011 William T. Harris,819,43,5.3%,18,10,8,22
02M033,P.S. 033 Chelsea Prep,563,55,9.8%,38,32,6,16
02M040,P.S. 040 Augustus Saint-Gaudens,742,6,0.8%,s,s,s,s
02M041,P.S. 041 Greenwich Village,561,s,s,s,s,s,s
02M042,P.S. 042 Benjamin Altman,548,18,3.3%,s,s,s,14
02M047,47 The American Sign Language and English Secondar,222,29,13.1%,16,6,10,13
02M051,P.S. 051 Elias Howe,476,84,17.6%,64,57,7,18
02M059,P.S. 059 Beekman Hill International,609,s,s,s,s,s,s
02M077,P.S. 77 Lower Lab School,353,s,s,s,s,s,s
02M089,P.S. 89,352,s,s,s,s,s,s
02M104,J.H.S. 104 Simon Baruch,1035,44,4.3%,16,s,s,27
02M111,P.S. 111 Adolph S. Ochs,400,64,16.0%,46,s,s,18
02M114,East Side Middle School,447,s,s,s,s,s,s
02M116,P.S. 116 Mary Lindley Murray,424,47,11.1%,39,33,6,6
02M124,P.S. 124 Yung Wing,655,7,1.1%,s,s,s,s
02M126,P.S. 126 Jacob August Riis,689,138,20.0%,s,s,s,134
02M130,P.S. 130 Hernando De Soto,754,6,0.8%,s,s,s,s
02M131,M.S. 131,257,41,16.0%,9,s,s,31
02M135,The Urban Assembly School for Emergency Management,271,33,12.2%,12,s,s,17
02M139,Stephen T. Mather Building Arts & Craftsmanship Hi,407,36,8.8%,17,7,10,16
02M150,P.S. 150,182,s,s,s,s,s,s
02M151,Yorkville Community School,433,19,4.4%,s,s,s,14
02M158,P.S. 158 Bayard Taylor,699,10,1.4%,s,s,s,s
02M167,J.H.S. 167 Robert F. Wagner,1331,46,3.5%,6,s,s,27
02M177,Yorkville East Middle School,241,8,3.3%,s,s,s,s
02M183,P.S. 183 Robert L. Stevenson,561,s,s,s,s,s,s
02M198,P.S. 198 Isador E. Ida Straus,474,s,s,s,s,s,s
02M212,P.S. 212 Midtown West,329,13,4.0%,s,s,s,8
02M217,P.S./I.S. 217 Roosevelt Island,662,8,1.2%,s,s,s,s
02M225,Ella Baker School,346,16,4.6%,7,s,s,9
02M234,P.S. 234 Independence School,475,s,s,s,s,s,s
02M255,M.S. 255 Salk School of Science,363,s,s,s,s,s,s
02M260,The Clinton School,800,10,1.3%,s,s,s,7
02M267,"East Side Elementary School, PS 267",415,s,s,s,s,s,s
02M276,Battery Park City School,817,11,1.3%,s,s,s,9
02M280,Manhattan Early College School for Advertising,475,36,7.6%,20,6,14,14
02M281,The River School,472,12,2.5%,s,s,s,9
02M282,Urban Assembly Maker Academy,489,45,9.2%,19,8,11,23
02M288,Food and Finance High School,409,41,10.0%,18,8,10,18
02M289,I.S. 289,268,6,2.2%,s,s,s,s
02M290,P.S. 290 Manhattan New School,555,s,s,s,s,s,s
02M294,Essex Street Academy,370,12,3.2%,s,s,s,6
02M296,High School of Hospitality Management,320,31,9.7%,10,s,s,19
02M297,M.S. 297,832,72,8.7%,41,29,12,28
02M298,Pace High School,583,34,5.8%,12,s,s,20
02M300,"Urban Assembly School of Design and Construction,",257,31,12.1%,12,s,s,15
02M303,"Facing History School, The",330,46,13.9%,17,7,10,26
02M305,"Urban Assembly Academy of Government and Law, The",337,27,8.0%,15,s,s,10
02M308,Lower Manhattan Arts Academy,343,39,11.4%,17,s,s,20
02M312,New York City Lab Middle School for Collaborative,580,s,s,s,s,s,s
02M313,"James Baldwin School, The: A School for Expedition",215,17,7.9%,10,s,s,s
02M316,"Urban Assembly School of Business for Young Women,",146,20,13.7%,7,s,s,9
02M340,Sixth Avenue Elementary School,370,7,1.9%,s,s,s,6
02M343,The Peck Slip School,434,8,1.8%,s,s,s,s
02M347,The 47 American Sign Language & English Lower Scho,204,24,11.8%,8,s,s,11
02M374,Gramercy Arts High School,478,28,5.9%,15,s,s,11
02M376,NYC iSchool,486,16,3.3%,s,s,s,11
02M391,District 2 Pre-K Center,636,32,5.0%,s,s,s,s
02M392,Manhattan Business Academy,409,48,11.7%,18,9,9,29
02M393,Business Of Sports School,447,58,13.0%,31,15,16,24
02M394,Emma Lazarus High School,257,6,2.3%,s,s,s,6
02M397,Spruce Street School,500,14,2.8%,9,s,s,s
02M399,The High School For Language And Diplomacy,241,28,11.6%,9,s,s,13
02M400,High School for Environmental Studies,1177,51,4.3%,18,6,12,29
02M407,Institute for Collaborative Education,498,16,3.2%,s,s,s,10
02M408,Professional Performing Arts High School,566,20,3.5%,s,s,s,15
02M411,Baruch College Campus High School,497,6,1.2%,s,s,s,6
02M412,N.Y.C. Lab School for Collaborative Studies,489,6,1.2%,s,s,s,6
02M413,School of the Future High School,731,28,3.8%,s,s,s,21
02M414,N.Y.C. Museum School,437,6,1.4%,s,s,s,s
02M416,Eleanor Roosevelt High School,550,s,s,s,s,s,s
02M418,Millennium High School,700,31,4.4%,s,s,s,28
02M419,Landmark High School,366,28,7.7%,10,s,s,14
02M420,High School for Health Professions and Human Servi,1827,123,6.7%,42,18,24,76
02M422,Quest to Learn,630,75,11.9%,30,14,16,40
02M425,Leadership and Public Service High School,296,18,6.1%,7,s,s,11
02M427,Manhattan Academy For Arts & Language,198,67,33.8%,11,s,s,55
02M432,Murray Hill Academy,264,28,10.6%,11,s,s,16
02M437,Hudson High School of Learning Technologies,365,43,11.8%,17,10,7,24
02M438,International High School at Union Square,337,119,35.3%,17,s,s,100
02M439,Manhattan Village Academy,462,16,3.5%,s,s,s,10
02M442,"Ballet Tech, NYC Public School for Dance",142,s,s,s,s,s,s
02M444,Home Schooling,593,22,3.7%,15,9,6,6
02M449,Vanguard High School,428,30,7.0%,11,s,s,15
02M459,Manhattan International High School,299,49,16.4%,s,s,s,43
02M475,Stuyvesant High School,3340,44,1.3%,s,s,s,37
02M489,High School of Economics and Finance,741,60,8.1%,23,8,15,34
02M500,Unity Center for Urban Technologies,333,34,10.2%,13,s,s,21
02M507,Urban Assembly Gateway School for Technology,458,32,7.0%,7,s,s,23
02M519,Talent Unlimited High School,530,11,2.1%,s,s,s,9
02M520,Murry Bergtraum High School for Business Careers,126,16,12.7%,11,s,s,s
02M527,P.S. 527 - East Side School for Social Action,474,13,2.7%,s,s,s,7
02M529,Jacqueline Kennedy Onassis High School,200,20,10.0%,9,s,s,8
02M531,Repertory Company High School for Theatre Arts,241,8,3.3%,s,s,s,6
02M533,Union Square Academy for Health Sciences,411,37,9.0%,10,s,s,23
02M534,Harvest Collegiate High School,480,34,7.1%,11,s,s,22
02M542,Manhattan Bridges High School,518,94,18.1%,13,s,s,80
02M543,New Design High School,508,57,11.2%,27,11,16,25
02M544,Independence High School,358,59,16.5%,35,16,19,18
02M545,High School for Dual Language and Asian Studies,403,63,15.6%,s,s,s,61
02M546,Academy for Software Engineering,450,33,7.3%,13,s,s,15
02M550,Liberty High School Academy for Newcomers,440,146,33.2%,25,16,9,107
02M551,Urban Assembly New York Harbor School,510,28,5.5%,9,s,s,18
02M560,High School M560 - City As School,602,54,9.0%,20,6,14,30
02M565,Urban Academy Laboratory High School,149,8,5.4%,s,s,s,s
02M570,Satellite Academy High School,233,18,7.7%,8,s,s,8
02M575,Manhattan Comprehensive Night and Day High School,833,98,11.8%,46,13,33,40
02M580,Richard R. Green High School of Teaching,293,20,6.8%,8,s,s,10
02M586,Harvey Milk High School,67,8,11.9%,s,s,s,s
02M600,The High School of Fashion Industries,1654,124,7.5%,51,20,31,69
02M605,Humanities Preparatory Academy,256,33,12.9%,s,s,s,28
02M615,Chelsea Career and Technical Education High School,474,42,8.9%,20,s,s,20
02M630,Art and Design High School,1503,52,3.5%,10,s,s,41
02M655,Life Sciences Secondary School,350,28,8.0%,8,s,s,17
02M700,Universal Pre-K C.B.O.,849,42,4.9%,16,s,s,22
02M896,Lower Manhattan Community Middle School,385,9,2.3%,s,s,s,7
02M933,City Knoll Middle School,137,40,29.2%,26,19,7,11
03M009,P.S. 009 Sarah Anderson,531,32,6.0%,8,s,s,24
03M054,J.H.S. 054 Booker T. Washington,841,22,2.6%,7,s,s,14
03M075,P.S. 075 Emily Dickinson,497,58,11.7%,37,s,s,17
03M076,P.S. 076 A. Philip Randolph,324,81,25.0%,48,42,6,33
03M084,P.S. 084 Lillian Weber,647,23,3.6%,7,s,s,13
03M087,P.S. 087 William Sherman,806,s,s,s,s,s,s
03M145,"P.S. 145, The Bloomingdale School",413,50,12.1%,38,29,9,12
03M149,P.S. 149 Sojourner Truth,216,39,18.1%,19,7,12,18
03M163,P.S. 163 Alfred E. Smith,503,48,9.5%,17,s,s,24
03M165,P.S. 165 Robert E. Simon,415,70,16.9%,27,20,7,42
03M166,P.S. 166 The Richard Rodgers School of The Arts an,610,15,2.5%,6,s,s,7
03M180,P.S. 180 Hugo Newman,462,73,15.8%,24,s,s,45
03M185,The Locke School of Arts and Engineering,328,27,8.2%,18,s,s,7
03M191,The Riverside School for Makers and Artists,575,69,12.0%,32,11,21,29
03M199,P.S. 199 Jessie Isador Straus,653,s,s,s,s,s,s
03M241,STEM Institute of Manhattan,115,13,11.3%,7,s,s,6
03M242,P.S. 242 - The Young Diplomats Magnet Academy,137,37,27.0%,22,s,s,13
03M243,M.S. 243 Center School,255,6,2.4%,s,s,s,s
03M245,M.S. M245 The Computer School,421,20,4.8%,s,s,s,18
03M247,M.S. M247 Dual Language Middle School,235,40,17.0%,9,s,s,31
03M250,M.S. 250 West Side Collaborative Middle School,119,12,10.1%,s,s,s,8
03M256,Lafayette Academy,184,15,8.2%,7,s,s,7
03M258,Community Action School - MS 258,232,35,15.1%,19,10,9,16
03M291,West End Secondary School,686,27,3.9%,s,s,s,20
03M299,The Maxine Greene HS for Imaginative Inquiry,196,20,10.2%,7,s,s,13
03M307,"Urban Assembly School for Media Studies, The",381,51,13.4%,15,s,s,34
03M333,P.S. 333 Manhattan School for Children,579,15,2.6%,s,s,s,9
03M334,The Anderson School,518,s,s,s,s,s,s
03M402,The Urban Assembly School for Green Careers,302,37,12.3%,8,s,s,26
03M403,The Global Learning Collaborative,458,66,14.4%,18,s,s,42
03M404,Innovation Diploma Plus,176,20,11.4%,8,s,s,8
03M415,Wadleigh Secondary School for the Performing & Vis,360,55,15.3%,32,18,14,22
03M417,Frank McCourt High School,410,8,2.0%,s,s,s,8
03M421,West Prep Academy,184,29,15.8%,13,s,s,14
03M444,Home Schooling,368,9,2.4%,s,s,s,s
03M452,P.S. 452,399,9,2.3%,6,s,s,s
03M479,Beacon High School,1524,14,0.9%,s,s,s,10
03M485,Fiorello H. LaGuardia High School of Music & Art a,2733,16,0.6%,s,s,s,12
03M492,"High School for Law, Advocacy and Community Justic",392,52,13.3%,25,10,15,23
03M494,High School of Arts and Technology,456,41,9.0%,20,10,10,20
03M505,Edward A. Reynolds West Side High School,265,29,10.9%,14,7,7,12
03M541,Manhattan / Hunter Science High School,454,16,3.5%,s,s,s,14
03M700,Universal Pre-K C.B.O.,674,24,3.6%,21,s,s,s
03M859,Special Music School,303,s,s,s,s,s,s
03M860,Frederick Douglass Academy II Secondary School,339,57,16.8%,34,21,13,17
03M862,Mott Hall II,395,12,3.0%,9,s,s,s
04M007,P.S. 007 Samuel Stern,379,90,23.7%,45,29,16,42
04M012,Tag Young Scholars,578,15,2.6%,s,s,s,11
04M037,River East Elementary,276,37,13.4%,18,11,7,15
04M038,P.S. 38 Roberto Clemente,217,60,27.6%,38,32,6,19
04M057,James Weldon Johnson,620,116,18.7%,37,27,10,78
04M072,The Lexington Academy,567,143,25.2%,70,47,23,70
04M083,P.S. 083 Luis Munoz Rivera,370,40,10.8%,19,12,7,19
04M096,P.S. 096 Joseph Lanzetta,398,101,25.4%,47,31,16,41
04M102,P.S. 102 Jacques Cartier,198,39,19.7%,20,8,12,18
04M108,P.S. 108 Assemblyman Angelo Del Toro Educational C,427,43,10.1%,19,11,8,21
04M112,P.S. 112 Jose Celso Barbosa,283,25,8.8%,15,s,s,10
04M146,P.S. 146 Ann M. Short,351,84,23.9%,47,38,9,37
04M155,P.S. 155 William Paca,227,46,20.3%,13,s,s,33
04M171,P.S. 171 Patrick Henry,790,78,9.9%,29,s,s,44
04M182,The Bilingual Bicultural School,269,79,29.4%,16,s,s,63
04M206,P.S. 206 Jose Celso Barbosa,454,65,14.3%,25,10,15,37
04M224,M.S. 224 Manhattan East School for Arts & Academic,210,11,5.2%,s,s,s,8
04M310,The Judith S. Kaye School,217,22,10.1%,12,s,s,7
04M372,Esperanza Preparatory Academy,487,99,20.3%,27,16,11,70
04M375,Mosaic Preparatory Academy,227,52,22.9%,28,18,10,24
04M377,Renaissance School of the Arts,202,34,16.8%,18,s,s,15
04M435,Manhattan Center for Science and Mathematics,1632,55,3.4%,18,s,s,34
04M444,Home Schooling,142,18,12.7%,10,s,s,7
04M495,Park East High School,387,28,7.2%,s,s,s,23
04M497,Central Park East I,158,14,8.9%,s,s,s,9
04M555,Central Park East High School,521,30,5.8%,s,s,s,21
04M610,Young Women's Leadership School,478,19,4.0%,6,s,s,13
04M680,"Heritage School, The",319,36,11.3%,17,11,6,17
04M700,Universal Pre-K C.B.O.,615,28,4.6%,20,s,s,7
04M825,Isaac Newton Middle School for Math & Science,323,36,11.1%,11,s,s,25
04M964,Central Park East II,445,47,10.6%,21,13,8,23
05M030,P.S. 030 Hernandez/Hughes,228,52,22.8%,22,10,12,30
05M036,P.S. 036 Margaret Douglas,314,65,20.7%,20,13,7,45
05M046,P.S. 046 Arthur Tappan,524,93,17.7%,36,24,12,53
05M092,P.S. 092 Mary McLeod Bethune,228,53,23.2%,31,s,s,14
05M123,P.S. 123 Mahalia Jackson,452,191,42.3%,103,63,40,82
05M125,P.S. 125 Ralph Bunche,297,25,8.4%,s,s,s,18
05M129,P.S. 129 John H. Finley,334,87,26.0%,42,21,21,44
05M133,P.S. 133 Fred R Moore,218,38,17.4%,27,16,11,11
05M148,Eagle Academy for Young Men of Harlem,320,50,15.6%,19,9,10,27
05M154,P.S. 154 Harriet Tubman,242,42,17.4%,28,17,11,13
05M157,The Urban Assembly School for Global Commerce,199,38,19.1%,21,14,7,15
05M161,P.S. 161 Pedro Albizu Campos,703,204,29.0%,53,32,21,124
05M175,P.S. 175 Henry H Garnet,328,52,15.9%,45,37,8,6
05M194,P.S. 194 Countee Cullen,187,67,35.8%,34,25,9,26
05M197,P.S. 197 John B. Russwurm,238,57,23.9%,34,17,17,19
05M200,P.S. 200- The James McCune Smith School,330,58,17.6%,41,23,18,16
05M285,Harlem Renaissance High School,197,28,14.2%,15,9,6,10
05M286,Urban Assembly Academy for Future Leaders,99,26,26.3%,19,11,8,6
05M304,Mott Hall High School,200,42,21.0%,16,7,9,23
05M318,Thurgood Marshall Academy Lower School,189,41,21.7%,10,s,s,25
05M362,Columbia Secondary School,700,32,4.6%,s,s,s,22
05M369,Urban Assembly School for the Performing Arts,374,53,14.2%,28,12,16,22
05M371,School of Earth Exploration and Discovery Harlem (,79,6,7.6%,s,s,s,s
05M444,Home Schooling,228,8,3.5%,s,s,s,s
05M499,Frederick Douglass Academy,973,122,12.5%,64,27,37,52
05M514,New Design Middle School,145,27,18.6%,17,7,10,9
05M517,Teachers College Community School,376,36,9.6%,11,s,s,21
05M670,Thurgood Marshall Academy for Learning and Social,539,68,12.6%,27,8,19,38
05M692,"High School for Mathematics, Science and Engineeri",497,7,1.4%,s,s,s,s
05M700,Universal Pre-K C.B.O.,787,82,10.4%,54,29,25,26
06M004,P.S. 004 Duke Ellington,467,64,13.7%,16,10,6,46
06M005,P.S. 005 Ellen Lurie,551,86,15.6%,37,23,14,45
06M008,P.S. 008 Luis Belliard,453,63,13.9%,17,s,s,43
06M018,P.S. 018 Park Terrace,321,108,33.6%,s,s,s,104
06M028,P.S. 028 Wright Brothers,495,124,25.1%,29,15,14,92
06M048,P.S. 048 P.O. Michael J. Buczek,432,80,18.5%,s,s,s,74
06M052,Harold O. Levy School,250,56,22.4%,7,s,s,48
06M098,P.S. 098 Shorac Kappock,372,69,18.5%,s,s,s,64
06M103,Dos Puentes Elementary School,425,95,22.4%,10,s,s,80
06M115,P.S. 115 Alexander Humboldt,404,88,21.8%,14,6,8,70
06M128,P.S. 128 Audubon,606,146,24.1%,10,s,s,134
06M132,P.S. 132 Juan Pablo Duarte,193,47,24.4%,14,s,s,33
06M143,J.H.S. 143 Eleanor Roosevelt,236,31,13.1%,6,s,s,25
06M152,P.S. 152 Dyckman Valley,512,159,31.1%,12,s,s,146
06M153,P.S. 153 Adam Clayton Powell,450,113,25.1%,19,13,6,92
06M173,P.S. 173,453,29,6.4%,14,8,6,15
06M178,Professor Juan Bosch Public School,262,33,12.6%,s,s,s,30
06M187,P.S./I.S. 187 Hudson Cliffs,786,46,5.9%,s,s,s,37
06M189,P.S. 189,588,43,7.3%,11,s,s,22
06M192,P.S. 192 Jacob H. Schiff,333,52,15.6%,27,16,11,25
06M209,Hamilton Grange Middle School,354,52,14.7%,13,7,6,39
06M210,P.S./I.S. 210 - Twenty-first Century Academy for C,445,35,7.9%,18,10,8,16
06M211,Inwood Early College for Health and Information Te,422,46,10.9%,9,s,s,35
06M223,The Mott Hall School,270,13,4.8%,s,s,s,9
06M278,Paula Hedbavny School,484,42,8.7%,7,s,s,35
06M293,City College Academy of the Arts,624,58,9.3%,7,s,s,51
06M311,Amistad Dual Language School,421,52,12.4%,s,s,s,47
06M314,Muscota,298,8,2.7%,s,s,s,8
06M319,M.S. 319 - Maria Teresa,332,62,18.7%,6,s,s,55
06M322,Middle School 322,297,112,37.7%,9,s,s,101
06M324,M.S. 324 - Patria Mirabal,280,49,17.5%,12,6,6,34
06M328,Community Math & Science Prep,140,8,5.7%,8,s,s,s
06M346,Community Health Academy of the Heights,670,86,12.8%,15,s,s,71
06M348,Washington Heights Expeditionary Learning School,957,88,9.2%,14,7,7,71
06M349,Harbor Heights,103,40,38.8%,s,s,s,35
06M366,Washington Heights Academy,570,49,8.6%,s,s,s,45
06M368,Hamilton Heights School,233,43,18.5%,20,10,10,22
06M423,High School for Excellence and Innovation,169,39,23.1%,7,s,s,31
06M444,Home Schooling,242,7,2.9%,s,s,s,6
06M462,The College Academy,365,103,28.2%,17,s,s,85
06M463,High School for Media and Communications,336,113,33.6%,s,s,s,104
06M467,High School for Law and Public Service,400,68,17.0%,13,s,s,53
06M468,High School for Health Careers and Sciences,382,74,19.4%,12,s,s,59
06M513,Castle Bridge School,183,19,10.4%,s,s,s,18
06M528,I.S. 528 Bea Fuller Rodgers School,259,37,14.3%,8,s,s,27
06M540,A. Philip Randolph Campus High School,1495,190,12.7%,65,30,35,113
06M552,Gregorio Luperon High School for Science and Mathe,564,189,33.5%,17,7,10,170
06M700,Universal Pre-K C.B.O.,1590,102,6.4%,22,16,6,79
07X001,P.S. 001 Courtlandt School,554,72,13.0%,44,30,14,26
07X005,P.S. 5 Port Morris,647,118,18.2%,71,59,12,47
07X018,P.S. 018 John Peter Zenger,458,94,20.5%,40,34,6,50
07X025,P.S. 025 Bilingual School,534,56,10.5%,34,s,s,21
07X029,P.S./M.S. 029 Melrose School,803,128,15.9%,68,59,9,58
07X030,P.S. 030 Wilton,495,116,23.4%,56,38,18,55
07X031,P.S./M.S. 031 The William Lloyd Garrison,630,103,16.3%,28,20,8,74
07X043,P.S. 043 Jonas Bronck,356,62,17.4%,28,21,7,33
07X049,P.S. 049 Willis Avenue,626,134,21.4%,72,56,16,60
07X065,P.S. 065 Mother Hale Academy,323,138,42.7%,97,79,18,41
07X151,J.H.S. 151 Lou Gehrig,142,50,35.2%,16,9,7,31
07X154,P.S. 154 Jonathan D. Hyatt,310,49,15.8%,30,19,11,17
07X157,P.S. 157 Grove Hill,558,96,17.2%,42,27,15,47
07X161,P.S. 161 Juan Ponce De Leon School,390,65,16.7%,28,21,7,35
07X179,P.S. 179,285,48,16.8%,28,s,s,16
07X221,South Bronx Preparatory: A College Board School,640,74,11.6%,16,s,s,54
07X223,The Laboratory School of Finance and Technology: X,723,84,11.6%,28,12,16,54
07X224,P.S./I.S. 224,250,53,21.2%,30,15,15,21
07X259,"H.E.R.O. High (Health, Education, and Research Occ",509,82,16.1%,34,16,18,44
07X277,P.S. 277,386,69,17.9%,34,s,s,35
07X296,South Bronx Academy for Applied Media,248,46,18.5%,28,15,13,13
07X298,Academy of Public Relations,201,42,20.9%,12,6,6,29
07X334,International Community High School,402,122,30.3%,28,19,9,88
07X343,Academy of Applied Mathematics and Technology,300,46,15.3%,12,s,s,31
07X359,Concourse Village Elementary School,292,45,15.4%,13,s,s,32
07X369,Young Leaders Elementary School,266,84,31.6%,28,21,7,53
07X379,Jill Chaifetz Transfer High School,213,31,14.6%,19,8,11,10
07X381,Bronx Haven High School,132,22,16.7%,12,s,s,7
07X427,Community School for Social Justice,343,79,23.0%,43,23,20,33
07X444,Home Schooling,141,8,5.7%,7,s,s,s
07X473,Mott Haven Village Preparatory High School,241,38,15.8%,21,10,11,15
07X495,University Heights Secondary School,601,36,6.0%,13,s,s,22
07X500,Hostos-Lincoln Academy of Science,564,45,8.0%,9,s,s,36
07X522,Bronx Design and Construction Academy,293,35,11.9%,16,8,8,18
07X527,Bronx Leadership Academy II High School,500,65,13.0%,23,10,13,38
07X533,Learning through Play Pre-K Center,188,16,8.5%,9,s,s,7
07X548,Careers in Sports High School,520,88,16.9%,30,19,11,49
07X551,The Urban Assembly Bronx Academy of Letters,614,100,16.3%,36,13,23,59
07X557,Mott Haven Community High School,283,33,11.7%,22,9,13,7
07X584,I.S. 584,245,49,20.0%,24,13,11,23
07X600,Alfred E. Smith Career and Technical Education Hig,456,49,10.7%,15,s,s,30
07X625,Walkabout Bronx High School,51,7,13.7%,s,s,s,6
07X670,Health Opportunities High School,387,55,14.2%,19,11,8,27
07X700,Universal Pre-K C.B.O.,882,77,8.7%,51,35,16,25
08X014,P.S. X014 Senator John Calandra,600,48,8.0%,11,s,s,34
08X036,P.S. 036 Unionport,751,61,8.1%,12,s,s,49
08X048,P.S. 048 Joseph R. Drake,580,146,25.2%,82,66,16,63
08X062,P.S. 062 Inocensio Casanova,553,108,19.5%,65,52,13,41
08X069,P.S. 069 Journey Prep School,582,59,10.1%,17,7,10,28
08X071,P.S. 071 Rose E. Scala,1435,54,3.8%,21,s,s,29
08X072,P.S. 072 Dr. William Dorney,696,66,9.5%,32,21,11,33
08X075,P.S. 75 School of Research and Discovery,547,73,13.3%,46,30,16,27
08X093,P.S. 093 Albert G. Oliver,361,48,13.3%,20,14,6,23
08X100,P.S. 100 Isaac Clason,539,101,18.7%,54,s,s,41
08X101,M.S. X101 Edward R. Byrne,552,29,5.3%,s,s,s,27
08X107,P.S. 107,542,75,13.8%,46,27,19,25
08X119,The Dr. Emmett W. Bassett School,655,29,4.4%,14,7,7,15
08X123,J.H.S. 123 James M. Kieran,518,109,21.0%,37,23,14,70
08X130,P.S. 130 Abram Stevens Hewitt,374,77,20.6%,29,s,s,46
08X131,J.H.S. 131 Albert Einstein,420,63,15.0%,28,16,12,31
08X138,P.S. 138 Samuel Randall,594,70,11.8%,25,s,s,41
08X140,P.S. X140 The Eagle School,488,93,19.1%,37,25,12,54
08X146,P.S. 146 Edward Collins,365,67,18.4%,35,s,s,30
08X152,P.S. 152 Evergreen,731,155,21.2%,69,50,19,86
08X182,P.S. 182,602,58,9.6%,31,14,17,20
08X269,Bronx Studio School for Writers and Artists,629,44,7.0%,20,13,7,22
08X282,Women's Academy of Excellence,200,28,14.0%,9,s,s,15
08X293,Renaissance High School for Musical Theater and th,450,24,5.3%,11,s,s,13
08X301,M.S. 301 Paul L. Dunbar,200,40,20.0%,19,10,9,20
08X302,M.S. 302 Luisa Dessus Cruz,458,79,17.2%,38,22,16,40
08X304,P.S. 304 Early Childhood School,538,41,7.6%,21,s,s,18
08X312,Millennium Art Academy,394,42,10.7%,24,9,15,16
08X320,Pelham Lab High School,405,18,4.4%,6,s,s,12
08X333,The Longwood Academy of Discovery,544,92,16.9%,37,19,18,52
08X337,The School for Inquiry and Social Justice,463,51,11.0%,9,s,s,40
08X348,Schuylerville Preparatory High School,374,22,5.9%,16,s,s,6
08X349,Bronx River High School,446,17,3.8%,s,s,s,11
08X367,"Archimedes Academy for Math, Science and Technolog",595,80,13.4%,27,10,17,47
08X371,Urban Institute of Mathematics,380,33,8.7%,8,s,s,24
08X375,The Bronx Mathematics Preparatory School,194,45,23.2%,15,8,7,24
08X376,Antonia Pantoja Preparatory Academy: A College Boa,411,61,14.8%,25,13,12,32
08X377,Bronx Community High School,131,6,4.6%,s,s,s,s
08X392,Bronx Delta School,463,35,7.6%,11,s,s,20
08X405,Herbert H. Lehman High School,1009,38,3.8%,21,s,s,16
08X424,Bronx Academy for Multi-Media,281,79,28.1%,35,26,9,38
08X432,Bronx Bridges High School,374,91,24.3%,25,s,s,62
08X444,Home Schooling,358,36,10.1%,24,16,8,9
08X448,Soundview Academy for Culture and Scholarship,367,37,10.1%,14,s,s,21
08X452,Gotham Collaborative High School,410,63,15.4%,34,20,14,24
08X467,Mott Hall Community School,356,52,14.6%,24,18,6,22
08X530,Longwood Preparatory Academy,363,34,9.4%,19,s,s,13
08X537,Bronx Arena High School,143,21,14.7%,8,s,s,8
08X558,Westchester Square Academy,447,17,3.8%,10,s,s,7
08X559,School for Tourism and Hospitality,169,40,23.7%,22,8,14,15
08X561,Bronx Compass High School,374,48,12.8%,22,8,14,24
08X562,Blueprint Middle School,571,44,7.7%,11,s,s,33
08X583,P.S. 583,338,43,12.7%,12,s,s,30
08X700,Universal Pre-K C.B.O.,1349,49,3.6%,36,30,6,13
09X004,P.S./M.S. 004 Crotona Park West,448,197,44.0%,174,135,39,19
09X011,P.S. 011 Highbridge,555,145,26.1%,83,69,14,59
09X022,J.H.S. 022 Jordan L. Mott,370,101,27.3%,53,31,22,47
09X028,P.S. 028 Mount Hope,669,181,27.1%,68,49,19,113
09X035,P.S. 035 Franz Siegel,508,73,14.4%,25,12,13,45
09X042,P.S. 042 Claremont,347,75,21.6%,56,45,11,19
09X053,P.S. 053 Basheer Quisim,896,270,30.1%,171,130,41,92
09X055,P.S. 055 Benjamin Franklin,553,72,13.0%,48,37,11,24
09X058,P.S. 058,371,96,25.9%,66,53,13,30
09X063,P.S. 063 Author's Academy,519,107,20.6%,47,36,11,56
09X070,P.S. 070 Max Schoenfeld,938,224,23.9%,56,39,17,163
09X073,P.S. 073 Bronx,417,88,21.1%,31,20,11,53
09X088,P.S. X088 - S. Silverstein Little Sparrow School,99,27,27.3%,10,s,s,17
09X109,P.S. 109 Sedgwick,537,129,24.0%,31,25,6,93
09X110,P.S. 110 Theodore Schoenfeld,378,88,23.3%,52,37,15,34
09X114,P.S. X114 - Luis Llorens Torres Schools,623,193,31.0%,59,42,17,133
09X117,I.S. 117 Joseph H. Wade,420,120,28.6%,38,29,9,82
09X126,P.S. 126 Dr Marjorie H Dunbar,584,86,14.7%,54,s,s,29
09X128,Mott Hall III,355,47,13.2%,15,9,6,30
09X132,P.S. 132 Garret A. Morgan,366,69,18.9%,46,26,20,22
09X163,P.S. 163 Arthur A. Schomburg,375,58,15.5%,16,s,s,42
09X170,P.S. 170,228,36,15.8%,10,s,s,24
09X199,P.S. 199X - The Shakespeare School,641,174,27.1%,83,64,19,87
09X204,P.S. 204 Morris Heights,631,114,18.1%,28,s,s,85
09X215,Kappa,323,56,17.3%,21,13,8,32
09X218,P.S./I.S. 218 Rafael Hernandez Dual Language Magne,1006,168,16.7%,8,s,s,159
09X219,I.S. 219 New Venture School,291,71,24.4%,32,20,12,38
09X227,Bronx Collegiate Academy,392,47,12.0%,15,s,s,31
09X229,I.S. 229 Roland Patterson,208,49,23.6%,23,17,6,23
09X231,Eagle Academy for Young Men,487,61,12.5%,20,12,8,33
09X232,I.S. 232,386,100,25.9%,35,28,7,62
09X236,P.S. 236 Langston Hughes,294,52,17.7%,15,s,s,37
09X241,Urban Assembly School for Applied Math and Science,615,80,13.0%,24,13,11,54
09X250,Eximius College Preparatory Academy: A College Boa,390,45,11.5%,23,11,12,21
09X252,Mott Hall Bronx High School,349,37,10.6%,8,s,s,27
09X260,Bronx Center for Science and Mathematics,439,31,7.1%,13,s,s,17
09X263,Validus Preparatory Academy,340,44,12.9%,11,s,s,30
09X274,The New American Academy at Roberto Clemente State,542,133,24.5%,69,52,17,56
09X294,The Walton Avenue School,460,119,25.9%,39,19,20,76
09X297,Morris Academy for Collaborative Studies,466,40,8.6%,24,13,11,16
09X303,I.S. X303 Leadership & Community Service,329,54,16.4%,15,8,7,38
09X311,Lucero Elementary School,337,117,34.7%,30,22,8,86
09X313,I.S. 313 School of Leadership Development,254,59,23.2%,23,16,7,35
09X323,Bronx Writing Academy,336,79,23.5%,36,25,11,42
09X324,Bronx Early College Academy for Teaching & Learnin,505,79,15.6%,22,7,15,51
09X327,Comprehensive Model School Project M.S. 327,723,109,15.1%,21,12,9,82
09X328,New Millennium Bronx Academy of the Arts,320,79,24.7%,38,26,12,37
09X329,DreamYard Preparatory School,337,73,21.7%,26,16,10,44
09X339,I.S. 339,323,69,21.4%,40,33,7,27
09X350,New Directions Secondary School,149,42,28.2%,18,6,12,19
09X361,The Highbridge Green School,389,65,16.7%,14,6,8,50
09X365,Academy for Language and Technology,379,190,50.1%,16,s,s,170
09X403,Bronx International High School,354,133,37.6%,28,10,18,99
09X404,School for Excellence,190,40,21.1%,15,s,s,22
09X412,Bronx High School of Business,356,96,27.0%,30,17,13,65
09X413,Bronx High School for Medical Science,507,58,11.4%,17,11,6,38
09X443,The Family School,508,113,22.2%,50,29,21,58
09X444,Home Schooling,217,31,14.3%,25,17,8,6
09X449,Grant Avenue Elementary School,431,87,20.2%,46,28,18,39
09X454,Science and Technology Academy: A Mott Hall School,407,71,17.4%,19,11,8,52
09X457,Sheridan Academy for Young Leaders,536,114,21.3%,41,27,14,67
09X505,"Bronx School for Law, Government and Justice",758,89,11.7%,26,13,13,59
09X517,Frederick Douglass Academy III Secondary School,305,56,18.4%,26,10,16,27
09X525,Bronx Leadership Academy High School,412,58,14.1%,21,13,8,36
09X543,High School for Violin and Dance,209,48,23.0%,25,14,11,21
09X555,Mount Eden Children's Academy,437,71,16.2%,10,s,s,60
09X564,Claremont International HS,358,146,40.8%,33,22,11,111
09X568,Young Women's Leadership School of the Bronx,568,53,9.3%,21,13,8,29
09X582,Garden of Learning and Discovery Pre-K Center,104,11,10.6%,6,s,s,s
09X593,South Bronx International Middle School,149,66,44.3%,11,s,s,55
09X594,M.S. 594,242,52,21.5%,26,16,10,26
09X700,Universal Pre-K C.B.O.,2107,143,6.8%,86,65,21,53
10X003,P.S. 3 Raul Julia Micro Society,340,13,3.8%,7,s,s,s
10X007,Milton Fein School,496,88,17.7%,15,s,s,72
10X008,P.S. 008 Isaac Varian,849,163,19.2%,44,30,14,113
10X009,P.S. 9 Ryer Avenue Elementary School,786,176,22.4%,46,30,16,129
10X015,P.S. X015 Institute for Environmental Learning,467,45,9.6%,s,s,s,38
10X020,"PS/MS 20 P.O.George J. Werdann, III",865,143,16.5%,18,s,s,125
10X023,P.S. 023 The New Children's School,412,100,24.3%,63,57,6,37
10X024,P.S. 024 Spuyten Duyvil,813,23,2.8%,s,s,s,20
10X032,P.S. 032 Belmont,696,151,21.7%,64,45,19,77
10X033,P.S. 033 Timothy Dwight,773,102,13.2%,37,s,s,64
10X037,P.S. X037 - Multiple Intelligence School,583,120,20.6%,16,s,s,104
10X045,Thomas C. Giordano Middle School 45,720,90,12.5%,30,20,10,59
10X046,P.S. 046 Edgar Allan Poe,746,143,19.2%,29,s,s,113
10X051,The Bronx STEM and Arts Academy,198,26,13.1%,10,s,s,15
10X054,P.S./I.S. 54,441,82,18.6%,13,s,s,64
10X056,P.S. 056 Norwood Heights,692,121,17.5%,20,s,s,97
10X059,P.S. 059 The Community School of Technology,493,67,13.6%,17,s,s,46
10X077,Bedford Park Elementary School,508,71,14.0%,s,s,s,57
10X080,J.H.S. 080 The Mosholu Parkway,624,131,21.0%,26,18,8,102
10X081,P.S. 081 Robert J. Christen,747,18,2.4%,s,s,s,13
10X085,P.S. 085 Great Expectations,796,137,17.2%,94,64,30,40
10X086,P.S. 086 Kingsbridge Heights,1560,370,23.7%,42,23,19,318
10X091,P.S. 091 Bronx,538,208,38.7%,76,52,24,127
10X094,P.S. 094 Kings College School,1086,185,17.0%,15,s,s,170
10X095,P.S. 095 Sheila Mencher,1056,247,23.4%,43,30,13,201
10X118,J.H.S. 118 William W. Niles,982,164,16.7%,48,28,20,115
10X141,Riverdale / Kingsbridge Academy (Middle School / H,1589,108,6.8%,13,s,s,91
10X159,P.S. 159 Luis Munoz Marin Biling,163,27,16.6%,8,s,s,18
10X205,P.S. 205 Fiorello LaGuardia,821,103,12.5%,52,36,16,49
10X206,I.S. 206 Ann Mersereau,267,82,30.7%,29,s,s,52
10X207,P.S. 207,410,84,20.5%,24,s,s,59
10X209,P.S. 209,258,46,17.8%,s,s,s,43
10X213,Bronx Engineering and Technology Academy,371,36,9.7%,15,8,7,19
10X225,Theatre Arts Production Company School,552,56,10.1%,29,13,16,22
10X226,P.S. 226,372,70,18.8%,10,s,s,58
10X228,Jonas Bronck Academy,270,22,8.1%,s,s,s,21
10X237,"The Marie Curie School for Medicine, Nursing, and",384,56,14.6%,28,18,10,28
10X243,West Bronx Academy for the Future,648,85,13.1%,17,9,8,64
10X244,The New School for Leadership and Journalism,710,169,23.8%,13,s,s,153
10X246,P.S. 246 Poe Center,590,102,17.3%,9,s,s,93
10X254,I.S. 254,482,84,17.4%,15,7,8,68
10X264,Bronx Academy for Software Engineering (BASE),418,45,10.8%,12,s,s,30
10X268,Kingsbridge International High School,383,139,36.3%,26,18,8,112
10X279,"P.S. 279 Captain Manuel Rivera, Jr.",930,276,29.7%,44,32,12,230
10X280,P.S./M.S. 280 Mosholu Parkway,778,151,19.4%,15,s,s,128
10X284,Bronx School of Law and Finance,365,60,16.4%,16,7,9,43
10X291,P.S. 291,545,118,21.7%,31,19,12,86
10X306,P.S. 306,562,102,18.1%,27,18,9,68
10X307,Luisa Pineiro Fuentes School of Science and Discov,292,47,16.1%,s,s,s,43
10X308,Bronx Dance Academy School,268,35,13.1%,10,s,s,24
10X310,P.S. 310 Marble Hill,598,121,20.2%,s,s,s,121
10X315,P.S. 315 Lab School,226,31,13.7%,s,s,s,29
10X319,Providing Urban Learners Success In Education High,193,29,15.0%,18,s,s,10
10X331,The Bronx School of Young Leaders,453,42,9.3%,21,s,s,18
10X340,P.S. 340,542,122,22.5%,20,s,s,102
10X342,International School for Liberal Arts,545,191,35.0%,17,s,s,172
10X344,Ampark Neighborhood,371,24,6.5%,s,s,s,21
10X351,Bronx Collaborative High School,558,85,15.2%,32,12,20,45
10X353,World View High School,602,91,15.1%,22,16,6,69
10X360,P.S. 360,382,51,13.4%,10,s,s,41
10X363,Academy For Personal Leadership And Excellence,842,183,21.7%,31,19,12,145
10X368,In-Tech Academy (M.S. / High School 368),997,117,11.7%,17,s,s,100
10X374,Knowledge and Power Preparatory Academy Internatio,401,44,11.0%,9,s,s,35
10X382,"Elementary School for Math, Science, and Technolog",288,93,32.3%,23,13,10,69
10X386,School for Environmental Citizenship,517,152,29.4%,26,20,6,126
10X390,M.S. 390,557,172,30.9%,33,19,14,133
10X391,The Angelo Patri Middle School,423,104,24.6%,27,19,8,77
10X396,P.S. 396,282,73,25.9%,18,s,s,54
10X397,English Language Learners and International Suppor,311,120,38.6%,12,s,s,101
10X433,High School for Teaching and the Professions,416,50,12.0%,9,s,s,39
10X434,Belmont Preparatory High School,396,27,6.8%,6,s,s,20
10X437,Fordham High School for the Arts,401,19,4.7%,s,s,s,16
10X438,Fordham Leadership Academy,413,27,6.5%,14,6,8,12
10X439,Bronx High School for Law and Community Service,397,53,13.4%,23,14,9,27
10X440,DeWitt Clinton High School,975,136,13.9%,29,8,21,100
10X442,"Celia Cruz Bronx High School of Music, The",455,48,10.5%,14,6,8,31
10X444,Home Schooling,357,40,11.2%,19,13,6,20
10X445,The Bronx High School of Science,2941,29,1.0%,s,s,s,23
10X447,Creston Academy,464,78,16.8%,9,s,s,68
10X477,Marble Hill High School for International Studies,455,42,9.2%,s,s,s,36
10X524,Crotona International High School,365,149,40.8%,27,s,s,112
10X535,Rose Hill Pre-K Center,293,42,14.3%,19,10,9,23
10X546,Bronx Theatre High School,305,48,15.7%,21,11,10,25
10X549,Discovery High School,467,77,16.5%,19,s,s,52
10X565,High School for Energy and Technology,415,66,15.9%,30,10,20,35
10X696,High School of American Studies at Lehman College,387,7,1.8%,s,s,s,s
10X700,Universal Pre-K C.B.O.,2516,137,5.4%,52,39,13,84
11X016,P.S. 016 Wakefield,301,42,14.0%,17,s,s,25
11X019,P.S. 019 Judith K. Weiss,562,22,3.9%,s,s,s,19
11X021,P.S. 021 Philip H. Sheridan,551,104,18.9%,30,17,13,58
11X041,P.S. 041 Gun Hill Road,741,78,10.5%,41,31,10,33
11X068,P.S. 068 Bronx,536,35,6.5%,11,s,s,22
11X076,P.S. 076 The Bennington School,812,64,7.9%,23,13,10,41
11X078,P.S. 078 Anne Hutchinson,721,67,9.3%,48,37,11,14
11X083,P.S. 083 Donald Hertz,1697,145,8.5%,26,18,8,117
11X087,P.S. 087 Bronx,452,37,8.2%,11,s,s,25
11X089,P.S. 089 Bronx,1424,118,8.3%,43,27,16,71
11X096,P.S. 096 Richard Rodgers,880,96,10.9%,25,13,12,61
11X097,P.S. 097 Bronx,522,24,4.6%,s,s,s,13
11X103,P.S. 103 Hector Fontanez,884,93,10.5%,46,34,12,41
11X105,P.S. 105 Sen Abraham Bernstein,919,145,15.8%,22,s,s,121
11X106,P.S. 106 Parkchester,990,127,12.8%,23,14,9,102
11X108,P.S. 108 Philip J. Abinanti,552,29,5.3%,7,s,s,22
11X111,P.S. 111 Seton Falls,517,69,13.3%,23,17,6,41
11X112,P.S. 112 Bronxwood,382,45,11.8%,18,s,s,24
11X121,P.S. 121 Throop,712,63,8.8%,27,12,15,34
11X127,J.H.S. 127 The Castle Hill,908,161,17.7%,32,22,10,125
11X144,J.H.S. 144 Michelangelo,444,43,9.7%,20,12,8,20
11X153,P.S. 153 Helen Keller,540,30,5.6%,s,s,s,25
11X160,P.S. 160 Walt Disney,365,27,7.4%,s,s,s,20
11X169,Baychester Academy,398,31,7.8%,16,6,10,13
11X175,P.S. 175 City Island,286,10,3.5%,6,s,s,s
11X178,P.S. 178 - Dr. Selman Waksman,366,50,13.7%,23,s,s,26
11X180,M.S. 180 Dr. Daniel Hale Williams,993,49,4.9%,9,s,s,40
11X181,I.S. 181 Pablo Casals,861,82,9.5%,23,11,12,57
11X189,Cornerstone Academy for Social Action,334,58,17.4%,28,21,7,21
11X194,P.S./M.S. 194,1206,116,9.6%,17,11,6,97
11X249,Bronx Health Sciences High School,336,32,9.5%,6,s,s,26
11X253,Bronx High School for Writing and Communication Ar,282,29,10.3%,11,s,s,18
11X265,Bronx Lab School,304,40,13.2%,18,9,9,18
11X270,Academy for Scholarship and Entrepreneurship: A Co,367,33,9.0%,15,9,6,16
11X275,High School of Computers and Technology,500,60,12.0%,27,13,14,30
11X287,North Bronx School of Empowerment,435,70,16.1%,26,12,14,37
11X288,Collegiate Institute for Math and Science,586,39,6.7%,9,s,s,28
11X290,Bronx Academy of Health Careers,380,84,22.1%,34,15,19,43
11X299,Astor Collegiate Academy,472,33,7.0%,11,s,s,19
11X326,Bronx Green Middle School,423,61,14.4%,15,s,s,46
11X355,Bronx Alliance Middle School,309,49,15.9%,21,13,8,24
11X357,Young Voices Academy of the Bronx,413,63,15.3%,8,s,s,55
11X370,Leaders of Tomorrow,452,49,10.8%,19,10,9,26
11X418,Bronx High School for the Visual Arts,477,54,11.3%,20,s,s,31
11X444,Home Schooling,574,29,5.1%,9,s,s,20
11X455,Harry S Truman High School,2231,278,12.5%,79,53,26,191
11X462,Cornerstone Academy for Social Action Middle Schoo,239,21,8.8%,10,s,s,7
11X468,Pelham Academy of Academics and Community Engageme,327,39,11.9%,s,s,s,36
11X481,The STEAM Bridge School,281,8,2.8%,s,s,s,6
11X483,The Matilda Avenue School,251,32,12.7%,12,s,s,19
11X498,P.S./M.S. 11X498 - Van Nest Academy,639,33,5.2%,s,s,s,30
11X508,Bronxdale High School,462,21,4.5%,9,s,s,11
11X509,High School of Language and Innovation,392,87,22.2%,10,s,s,73
11X513,New World High School,358,63,17.6%,10,s,s,50
11X514,The Bronxwood Preparatory Academy,374,46,12.3%,20,7,13,24
11X529,One World Middle School at Edenwald,343,18,5.2%,s,s,s,14
11X532,Baychester Middle School,287,36,12.5%,11,s,s,24
11X542,Pelham Preparatory Academy,494,31,6.3%,s,s,s,25
11X544,High School for Contemporary Arts,336,45,13.4%,30,24,6,15
11X545,Bronx Aerospace High School,201,28,13.9%,10,s,s,15
11X556,Bronx Park Middle School,399,76,19.0%,18,8,10,56
11X566,Pelham Gardens Middle School,427,30,7.0%,12,s,s,14
11X567,Linden Tree Elementary School,379,66,17.4%,22,s,s,41
11X700,Universal Pre-K C.B.O.,2027,91,4.5%,32,21,11,56
12X006,P.S. 006 West Farms,525,141,26.9%,68,56,12,69
12X044,P.S. 044 David C. Farragut,264,96,36.4%,84,63,21,12
12X047,P.S. 047 John Randolph,960,59,6.1%,23,15,8,34
12X057,P.S. 057 Crescent,476,68,14.3%,39,27,12,29
12X061,P.S. 061 Francisco Oller,262,59,22.5%,11,s,s,47
12X066,P.S. 066 School of Higher Expectations,574,144,25.1%,107,73,34,37
12X067,P.S. 067 Mohegan School,394,41,10.4%,27,21,6,12
12X098,J.H.S. 098 Herman Ridder,191,39,20.4%,25,s,s,12
12X129,M.S. 129 Academy for Independent Learning and Lead,502,84,16.7%,51,36,15,33
12X134,P.S. 134 George F. Bristow,535,65,12.1%,41,35,6,23
12X150,P.S. 150 Charles James Fox,641,98,15.3%,56,45,11,42
12X190,E.S.M.T- I.S. 190,271,39,14.4%,9,s,s,29
12X195,P.S. 195,807,130,16.1%,42,35,7,86
12X196,P.S. 196,767,113,14.7%,35,23,12,78
12X211,P.S. 211,457,53,11.6%,31,23,8,21
12X214,P.S. 214,1035,146,14.1%,70,46,24,75
12X217,School of Performing Arts,328,73,22.3%,34,18,16,39
12X242,Mott Hall V,678,52,7.7%,13,7,6,38
12X248,"Metropolitan High School, The",164,29,17.7%,11,s,s,9
12X251,Explorations Academy H.S.,338,56,16.6%,31,20,11,22
12X267,Bronx Latin,564,43,7.6%,28,20,8,15
12X271,East Bronx Academy for the Future,675,103,15.3%,43,26,17,51
12X273,Frederick Douglass Academy V. Middle School,207,42,20.3%,21,11,10,20
12X286,Fannie Lou Hamer Middle School,281,46,16.4%,28,19,9,18
12X300,The School of Science and Applied Learning,523,103,19.7%,71,50,21,29
12X314,Fairmont Neighborhood School,253,38,15.0%,24,12,12,14
12X316,Kappa III,365,32,8.8%,10,s,s,15
12X318,"I.S. X318 Math, Science & Technology Through Arts",194,38,19.6%,22,s,s,15
12X341,Accion Academy,317,60,18.9%,13,s,s,45
12X383,Emolior Academy,387,64,16.5%,25,10,15,39
12X388,Pan American International High School at Monroe,402,118,29.4%,28,18,10,79
12X444,Home Schooling,166,17,10.2%,9,s,s,s
12X446,Arturo A. Schomburg Satellite Academy Bronx,184,30,16.3%,14,s,s,12
12X458,Samara Community School,274,31,11.3%,18,s,s,12
12X463,Urban Scholars Community School,408,104,25.5%,53,28,25,47
12X478,The Cinema School,360,31,8.6%,6,s,s,22
12X479,Bronx Career and College Preparatory High School,273,48,17.6%,29,17,12,15
12X480,Bronx Regional High School,140,23,16.4%,11,s,s,7
12X511,Bronx Envision Academy,387,66,17.1%,38,10,28,24
12X521,The Metropolitan Soundview High School,456,62,13.6%,23,15,8,37
12X531,Archer Elementary School,391,68,17.4%,16,7,9,46
12X536,P.S. 536,360,30,8.3%,7,s,s,22
12X550,High School of World Cultures,325,83,25.5%,21,15,6,57
12X595,P.S. 595,238,70,29.4%,37,20,17,32
12X626,District 12 Pre-K Center,10,s,s,s,s,s,s
12X682,Fannie Lou Hamer Freedom High School,479,74,15.4%,38,18,20,33
12X684,Wings Academy,341,54,15.8%,31,15,16,22
12X691,Bronx Little School,322,46,14.3%,s,s,s,41
12X700,Universal Pre-K C.B.O.,566,17,3.0%,11,s,s,6
13K003,P.S. 003 The Bedford Village,266,66,24.8%,18,12,6,48
13K008,P.S. 008 Robert Fulton,730,7,1.0%,s,s,s,s
13K009,Public School 9 The Sarah Smith Garnet School,855,32,3.7%,17,8,9,15
13K011,P.S. 011 Purvis J. Behan,875,53,6.1%,10,s,s,43
13K020,P.S. 020 Clinton Hill,554,44,7.9%,8,s,s,36
13K044,P.S. 044 Marcus Garvey,135,32,23.7%,18,10,8,12
13K046,P.S. 046 Edward C. Blum,226,35,15.5%,16,s,s,18
13K054,P.S. 054 Samuel C. Barnes,190,15,7.9%,12,s,s,s
13K056,P.S. 056 Lewis H. Latimer,278,16,5.8%,s,s,s,9
13K067,P.S. 067 Charles A. Dorsey,222,38,17.1%,22,16,6,9
13K093,P.S. 093 William H. Prescott,186,32,17.2%,27,19,8,s
13K113,M.S. 113 Ronald Edmonds Learning Center,326,47,14.4%,21,10,11,25
13K133,P.S. 133 William A. Butler,669,28,4.2%,12,s,s,13
13K256,P.S. 256 Benjamin Banneker,203,36,17.7%,25,s,s,11
13K265,Dr. Susan S. McKinney Secondary School of the Arts,335,26,7.8%,14,8,6,10
13K266,M.S. K266 - Park Place Community Middle School,150,16,10.7%,6,s,s,9
13K270,P.S. 270 Johann DeKalb,97,12,12.4%,8,s,s,s
13K282,P.S. 282 Park Slope,532,19,3.6%,8,s,s,9
13K287,P.S. 287 Bailey K. Ashford,122,s,s,s,s,s,s
13K301,Satellite East Middle School,84,10,11.9%,s,s,s,s
13K307,P.S. 307 Daniel Hale Williams,335,50,14.9%,17,s,s,32
13K313,Dock Street School for STEAM Studies,283,22,7.8%,s,s,s,15
13K350,Urban Assembly School of Music and Art,169,18,10.7%,8,s,s,10
13K351,The Urban Assembly Unison School,198,18,9.1%,11,s,s,7
13K412,Brooklyn Community Arts & Media High School (BCAM),540,66,12.2%,32,13,19,28
13K419,"Science Skills Center High School for Science, Tec",586,63,10.8%,26,14,12,34
13K430,Brooklyn Technical High School,5946,141,2.4%,8,s,s,96
13K439,Brooklyn International High School,354,68,19.2%,7,s,s,58
13K444,Home Schooling,231,7,3.0%,s,s,s,s
13K483,The Urban Assembly School for Law and Justice,469,15,3.2%,10,s,s,s
13K492,Academy of Arts and Letters,686,23,3.4%,7,s,s,12
13K527,Urban Assembly Institute of Math and Science for Y,508,49,9.6%,21,10,11,26
13K553,Brooklyn Academy High School,122,17,13.9%,11,s,s,s
13K594,Gotham Professional Arts Academy,170,18,10.6%,9,s,s,8
13K595,Bedford Academy High School,397,19,4.8%,7,s,s,11
13K605,George Westinghouse Career and Technical Education,706,43,6.1%,19,12,7,23
13K616,Brooklyn High School for Leadership and Community,155,26,16.8%,18,9,9,6
13K670,Benjamin Banneker Academy,875,66,7.5%,29,11,18,33
13K674,"City Polytechnic High School of Engineering, Archi",466,26,5.6%,8,s,s,17
13K691,Fort Greene Preparatory Academy,195,20,10.3%,7,s,s,11
13K700,Universal Pre-K C.B.O.,512,8,1.6%,s,s,s,s
13K869,District 13 PRE-K Center,69,s,s,s,s,s,s
13K915,I.S. 915,301,s,s,s,s,s,s
14K016,P.S. 016 Leonard Dunkly,192,33,17.2%,10,s,s,21
14K017,P.S. 017 Henry D. Woodworth,267,29,10.9%,13,s,s,16
14K018,P.S. 018 Edward Bush,203,43,21.2%,7,s,s,36
14K023,P.S. 023 Carter G. Woodson,263,87,33.1%,35,23,12,51
14K031,P.S. 031 Samuel F. Dupont,596,95,15.9%,s,s,s,91
14K034,P.S. 034 Oliver H. Perry,457,9,2.0%,s,s,s,6
14K050,J.H.S. 050 John D. Wells,339,43,12.7%,9,s,s,33
14K059,P.S. 059 William Floyd,306,41,13.4%,34,20,14,7
14K071,Juan Morel Campos Secondary School,502,73,14.5%,22,14,8,46
14K084,P.S. 084 Jose De Diego,714,66,9.2%,6,s,s,59
14K110,P.S. 110 The Monitor,548,6,1.1%,s,s,s,s
14K120,P.S. 120 Carlos Tapia,346,90,26.0%,18,s,s,68
14K126,John Ericsson Middle School 126,277,38,13.7%,12,s,s,25
14K132,P.S. 132 The Conselyea School,693,25,3.6%,11,s,s,13
14K147,P.S. 147 Isaac Remsen,308,39,12.7%,12,s,s,24
14K157,P.S./I.S. 157 The Benjamin Franklin Health & Scien,345,23,6.7%,16,s,s,6
14K196,P.S. 196 Ten Eyck,303,54,17.8%,13,6,7,40
14K250,P.S. 250 George H. Lindsay,372,61,16.4%,12,s,s,48
14K257,P.S. 257 John F. Hylan,541,64,11.8%,31,s,s,33
14K297,P.S. 297 Abraham Stockton,203,51,25.1%,9,s,s,41
14K318,I.S. 318 Eugenio Maria De Hostos,1287,83,6.4%,14,7,7,67
14K319,P.S. 319,118,s,s,s,s,s,s
14K380,P.S. 380 John Wayne Elementary,491,46,9.4%,10,s,s,36
14K414,Brooklyn Arbor Elementary School,570,25,4.4%,8,s,s,17
14K444,Home Schooling,169,7,4.1%,s,s,s,s
14K449,"Brooklyn Latin School, The",846,19,2.2%,s,s,s,15
14K454,The Williamsburg High School of Art and Technology,386,44,11.4%,20,6,14,20
14K474,PROGRESS High School for Professional Careers,528,88,16.7%,35,13,22,47
14K477,East Williamsburg Scholars Academy,320,56,17.5%,15,8,7,36
14K478,"The High School for Enterprise, Business and Techn",677,67,9.9%,29,13,16,33
14K488,Brooklyn Preparatory High School,523,37,7.1%,13,s,s,22
14K558,Williamsburg High School for Architecture and Desi,607,33,5.4%,7,s,s,24
14K561,Williamsburg Preparatory School,707,34,4.8%,7,s,s,26
14K577,Conselyea Preparatory School,478,27,5.6%,s,s,s,25
14K582,M.S. 582,361,66,18.3%,13,s,s,53
14K586,Lyons Community School,411,54,13.1%,22,9,13,32
14K610,A-Tech High School,337,22,6.5%,6,s,s,15
14K614,Young Women's Leadership School of Brooklyn,380,36,9.5%,16,8,8,16
14K685,El Puente Academy for Peace and Justice,221,23,10.4%,7,s,s,14
14K700,Universal Pre-K C.B.O.,863,19,2.2%,8,s,s,10
15K001,P.S. 001 The Bergen,967,33,3.4%,6,s,s,26
15K010,"Magnet School of Math, Science and Design Technolo",874,19,2.2%,6,s,s,10
15K015,P.S. 015 Patrick F. Daly,435,46,10.6%,29,18,11,16
15K024,P.S. 024,564,88,15.6%,19,s,s,67
15K029,P.S. 029 John M. Harrigan,817,s,s,s,s,s,s
15K032,P.S. 032 Samuel Mills Sprole,465,33,7.1%,11,s,s,22
15K038,P.S. 038 The Pacific,549,20,3.6%,11,s,s,9
15K039,P.S. 039 Henry Bristow,456,s,s,s,s,s,s
15K051,M.S. 51 William Alexander,1157,54,4.7%,7,s,s,44
15K058,P.S. 058 The Carroll,869,10,1.2%,s,s,s,6
15K088,J.H.S. 088 Peter Rouget,1474,64,4.3%,12,s,s,49
15K094,P.S. 094 The Henry Longfellow,1146,66,5.8%,s,s,s,59
15K107,P.S. 107 John W. Kimball,506,s,s,s,s,s,s
15K118,The Maurice Sendak Community School,294,s,s,s,s,s,s
15K124,P.S. 124 Silas B. Dutcher,289,61,21.1%,44,s,s,17
15K130,P.S. 130 The Parkside,878,27,3.1%,7,s,s,19
15K131,P.S. 131 Brooklyn,767,70,9.1%,s,s,s,66
15K136,I.S. 136 Charles O. Dewey,507,35,6.9%,20,10,10,15
15K146,"The Brooklyn New School, P.S. 146",721,14,1.9%,s,s,s,9
15K154,The Windsor Terrace School,452,s,s,s,s,s,s
15K169,P.S. 169 Sunset Park,1223,80,6.5%,s,s,s,65
15K172,P.S. 172 Beacon School of Excellence,572,16,2.8%,s,s,s,13
15K230,P.S. 230 Doris L. Cohen,1066,151,14.2%,11,s,s,140
15K261,P.S. 261 Philip Livingston,703,21,3.0%,s,s,s,16
15K295,P.S. 295,373,15,4.0%,11,s,s,s
15K321,P.S. 321 William Penn,1379,8,0.6%,s,s,s,s
15K418,The Children's School,277,s,s,s,s,s,s
15K423,Brooklyn Frontiers High School,160,12,7.5%,8,s,s,s
15K429,Digital Arts and Cinema Technology High School,337,16,4.7%,9,s,s,6
15K442,M.S. 442 Carroll Gardens School for Innovation,359,13,3.6%,s,s,s,10
15K443,New Voices School of Academic & Creative Arts,611,15,2.5%,s,s,s,10
15K444,Home Schooling,326,s,s,s,s,s,s
15K447,The Math & Science Exploratory School,576,23,4.0%,13,s,s,9
15K448,Brooklyn Collaborative Studies,688,57,8.3%,17,s,s,31
15K462,John Jay School for Law,487,46,9.4%,24,13,11,17
15K463,Cyberarts Studio Academy,255,21,8.2%,6,s,s,14
15K464,Park Slope Collegiate,694,43,6.2%,11,s,s,29
15K497,The Boerum Hill School for International Studies,784,52,6.6%,13,s,s,33
15K516,Sunset Park Avenues Elementary School,446,31,7.0%,s,s,s,28
15K519,Cobble Hill School of American Studies,483,59,12.2%,28,9,19,28
15K529,West Brooklyn Community High School,216,15,6.9%,s,s,s,13
15K592,Khalil Gibran International Academy,163,19,11.7%,8,s,s,10
15K656,Brooklyn High School of the Arts,946,43,4.5%,22,12,10,20
15K667,Sunset Park High School,1299,98,7.5%,21,12,9,71
15K676,Red Hook Neighborhood School,108,21,19.4%,11,s,s,8
15K684,Millennium Brooklyn HS,690,9,1.3%,s,s,s,8
15K698,South Brooklyn Community High School,197,19,9.6%,7,s,s,8
15K700,Universal Pre-K C.B.O.,1198,43,3.6%,6,s,s,37
15K767,The Little Brooklyn Pre-K Center,136,s,s,s,s,s,s
15K821,Sunset Park Prep,527,51,9.7%,10,s,s,40
15K839,M.S. 839,371,30,8.1%,s,s,s,25
15K863,Pre-K Center at Bishop Ford School Site,384,s,s,s,s,s,s
15K896,The School of Creativity and Innovation,155,6,3.9%,s,s,s,s
16K005,P.S. 005 Dr. Ronald McNair,216,44,20.4%,24,13,11,18
16K021,P.S. 021 Crispus Attucks,547,68,12.4%,44,s,s,24
16K025,P.S. 025 Eubie Blake School,61,15,24.6%,9,s,s,6
16K026,P.S. 026 Jesse Owens,223,26,11.7%,21,13,8,s
16K035,M.S. 035 Stephen Decatur,195,44,22.6%,26,14,12,17
16K040,P.S. 040 George W. Carver,463,79,17.1%,41,21,20,35
16K057,Whitelaw Reid Academy of Arts and Business,103,33,32.0%,20,12,8,13
16K081,P.S. 081 Thaddeus Stevens,279,90,32.3%,64,47,17,25
16K243,P.S. 243K- The Weeksville School,205,31,15.1%,13,s,s,11
16K262,P.S. 262 El Hajj Malik El Shabazz Elementary Schoo,166,19,11.4%,14,s,s,s
16K267,"M.S. 267 Math, Science & Technology",199,30,15.1%,15,s,s,12
16K308,P.S. 308 Clara Cardwell,270,73,27.0%,41,21,20,29
16K309,P.S. 309 The George E. Wibecan Preparatory Academy,172,26,15.1%,11,s,s,12
16K335,P.S. 335 Granville T. Woods,199,39,19.6%,26,12,14,11
16K444,Home Schooling,116,17,14.7%,11,s,s,6
16K455,Boys and Girls High School,444,62,14.0%,38,17,21,20
16K498,Brooklyn High School for Law and Technology,613,64,10.4%,31,9,22,24
16K627,Brighter Choice Community School,326,65,19.9%,46,29,17,18
16K628,Brooklyn Brownstone School,328,17,5.2%,7,s,s,9
16K669,Research and Service High School,295,32,10.8%,16,s,s,9
16K681,Madiba Prep Middle School,233,44,18.9%,25,10,15,19
16K688,The Brooklyn Academy of Global Finance,136,14,10.3%,11,s,s,s
16K700,Universal Pre-K C.B.O.,496,30,6.0%,10,s,s,12
16K765,Nelson Mandela High School,167,22,13.2%,12,6,6,6
16K898,The Brooklyn Green School,152,14,9.2%,8,s,s,s
17K002,Parkside Preparatory Academy,424,49,11.6%,11,s,s,38
17K006,Norma Adams Clemons Academy,640,84,13.1%,59,44,15,18
17K012,Dr. Jacqueline Peek-Davis School,206,40,19.4%,19,9,10,21
17K061,M.S. 061 Dr. Gladstone H. Atwell,512,89,17.4%,45,31,14,43
17K091,P.S. 091 The Albany Avenue School,193,21,10.9%,8,s,s,13
17K092,P.S. 092 Adrian Hegeman,330,35,10.6%,15,9,6,20
17K122,Pathways in Technology Early College High School (,614,52,8.5%,27,14,13,19
17K138,P.S. 138 Brooklyn,514,61,11.9%,31,19,12,28
17K161,P.S. 161 The Crown,338,76,22.5%,58,50,8,18
17K181,P.S. 181 Brooklyn,614,54,8.8%,34,23,11,18
17K189,P.S. 189 The Bilingual Center,969,136,14.0%,50,32,18,73
17K191,P.S. 191 Paul Robeson,177,63,35.6%,42,35,7,15
17K221,P.S. 221 Toussaint L'Ouverture,197,38,19.3%,13,s,s,24
17K241,P.S. 241 Emma L. Johnston,401,69,17.2%,12,s,s,54
17K246,M.S. 246 Walt Whitman,376,74,19.7%,23,s,s,51
17K249,P.S. 249 The Caton,824,57,6.9%,8,s,s,48
17K289,P.S. 289 George V. Brower,293,77,26.3%,34,25,9,39
17K316,P.S. 316 Elijah Stroud,568,21,3.7%,6,s,s,s
17K340,I.S. 340,223,20,9.0%,8,s,s,11
17K352,Ebbets Field Middle School,139,16,11.5%,s,s,s,10
17K353,Elijah Stroud Middle School,148,20,13.5%,9,s,s,7
17K354,The School of Integrated Learning,332,46,13.9%,14,7,7,29
17K375,P.S. 375 Jackie Robinson School,261,53,20.3%,18,10,8,34
17K382,Academy for College Preparation and Career Explora,341,70,20.5%,33,17,16,35
17K394,M.S. K394,290,50,17.2%,28,22,6,21
17K397,P.S. 397 Foster-Laurie,163,10,6.1%,7,s,s,s
17K398,P.S. 398 Walter Weaver,222,92,41.4%,22,15,7,63
17K399,P.S. 399 Stanley Eugene Clark,240,62,25.8%,51,43,8,11
17K408,Academy of Hospitality and Tourism,269,41,15.2%,17,10,7,24
17K444,Home Schooling,331,15,4.5%,10,s,s,s
17K484,Ronald Edmonds Learning Center II,179,35,19.6%,15,s,s,20
17K524,International High School at Prospect Heights,332,64,19.3%,10,s,s,48
17K528,The High School for Global Citizenship,236,42,17.8%,14,6,8,26
17K531,"School for Human Rights, The",283,29,10.2%,14,7,7,12
17K532,New Bridges Elementary,432,66,15.3%,18,s,s,47
17K537,High School for Youth and Community Development at,497,59,11.9%,21,10,11,31
17K539,High School for Service & Learning at Erasmus,268,34,12.7%,14,s,s,20
17K543,"Science, Technology and Research Early College Hig",661,34,5.1%,10,s,s,22
17K546,High School for Public Service: Heroes of Tomorrow,521,52,10.0%,24,10,14,23
17K547,Brooklyn Academy of Science and the Environment,331,37,11.2%,13,7,6,22
17K548,Brooklyn School for Music & Theatre,293,37,12.6%,22,11,11,14
17K568,Brownsville Academy High School,100,14,14.0%,8,s,s,s
17K590,Medgar Evers College Preparatory School,1490,75,5.0%,21,11,10,44
17K600,Clara Barton High School,1311,100,7.6%,34,16,18,63
17K646,Aspirations Diploma Plus High School,177,23,13.0%,11,s,s,9
17K700,Universal Pre-K C.B.O.,1394,28,2.0%,20,s,s,7
17K705,Brooklyn Arts and Science Elementary School,312,43,13.8%,21,13,8,20
17K722,New Heights Middle School,249,38,15.3%,13,s,s,22
17K745,Brooklyn Institute for Liberal Arts,522,48,9.2%,9,s,s,36
17K751,Academy for Health Careers,277,29,10.5%,12,s,s,15
17K770,P.S. 770 New American Academy,291,19,6.5%,12,s,s,7
18K066,P.S. 66,684,52,7.6%,26,18,8,21
18K068,I.S. 068 Isaac Bildersee,251,24,9.6%,s,s,s,16
18K114,P.S. 114 Ryder Elementary,447,68,15.2%,29,20,9,28
18K115,P.S. 115 Daniel Mucatel School,860,55,6.4%,6,s,s,44
18K135,P.S. 135 Sheldon A. Brookner,415,33,8.0%,21,s,s,10
18K208,P.S. 208 Elsa Ebeling,310,18,5.8%,12,s,s,6
18K211,I.S. 211 John Wilson,261,42,16.1%,7,s,s,29
18K219,P.S. 219 Kennedy-King,319,35,11.0%,23,13,10,7
18K233,P.S. 233 Langston Hughes,308,23,7.5%,10,s,s,13
18K235,P.S. 235 Janice Marie Knight School,1114,28,2.5%,9,s,s,18
18K244,P.S. 244 Richard R. Green,387,31,8.0%,13,s,s,15
18K268,P.S. 268 Emma Lazarus,296,40,13.5%,32,20,12,8
18K272,P.S. 272 Curtis Estabrook,403,87,21.6%,21,s,s,59
18K276,P.S. 276 Louis Marshall,517,27,5.2%,7,s,s,20
18K279,P.S. 279 Herman Schreiber,285,26,9.1%,6,s,s,19
18K285,I.S. 285 Meyer Levin,763,96,12.6%,28,14,14,62
18K366,The Science And Medicine Middle School,388,51,13.1%,16,9,7,31
18K444,Home Schooling,199,8,4.0%,s,s,s,s
18K563,It Takes a Village Academy,500,52,10.4%,18,12,6,31
18K566,Brooklyn Community High School for Excellence and,204,19,9.3%,s,s,s,14
18K567,Brooklyn Theatre Arts High School,269,23,8.6%,11,s,s,10
18K569,Kurt Hahn Expeditionary Learning School,221,30,13.6%,12,s,s,17
18K576,Victory Collegiate High School,282,17,6.0%,9,s,s,8
18K578,Brooklyn Bridge Academy,161,16,9.9%,7,s,s,9
18K581,"The Middle School of Media, Law and Fine Arts",220,38,17.3%,17,11,6,18
18K588,Middle School for Art and Philosophy,142,20,14.1%,11,s,s,s
18K617,High School for Innovation in Advertising and Medi,209,20,9.6%,7,s,s,11
18K629,Cultural Academy for the Arts and Sciences,210,26,12.4%,16,10,6,8
18K633,High School for Medical Professions,485,47,9.7%,13,s,s,34
18K635,Olympus Academy,189,12,6.3%,s,s,s,6
18K637,Academy for Conservation and the Environment,340,48,14.1%,17,7,10,30
18K642,Urban Action Academy,187,28,15.0%,11,s,s,16
18K673,East Brooklyn Community High School,187,21,11.2%,8,s,s,11
18K700,Universal Pre-K C.B.O.,750,13,1.7%,9,s,s,s
18K763,Brooklyn Science and Engineering Academy,360,20,5.6%,7,s,s,13
19K007,P.S. 007 Abraham Lincoln,738,27,3.7%,8,s,s,17
19K013,P.S. 013 Roberto Clemente,426,67,15.7%,46,s,s,17
19K065,P.S. 065,533,140,26.3%,6,s,s,134
19K089,P.S. 089 Cypress Hills,491,39,7.9%,s,s,s,36
19K108,P.S. 108 Sal Abbracciamento,887,277,31.2%,25,s,s,251
19K149,P.S. 149 Danny Kaye,511,75,14.7%,50,43,7,25
19K158,P.S. 158 Warwick,507,60,11.8%,41,31,10,16
19K159,P.S. 159 Isaac Pitkin,704,48,6.8%,16,10,6,32
19K171,I.S. 171 Abraham Lincoln,344,44,12.8%,s,s,s,41
19K190,P.S. 190 Sheffield,163,29,17.8%,17,11,6,11
19K202,P.S. 202 Ernest S. Jenkyns,307,54,17.6%,36,21,15,15
19K213,P.S. 213 New Lots,247,40,16.2%,24,14,10,14
19K214,P.S. 214 Michael Friedsam,845,65,7.7%,19,s,s,45
19K218,J.H.S. 218 James P. Sinnott,344,64,18.6%,18,12,6,43
19K224,P.S. 224 Hale A. Woodruff,303,23,7.6%,10,s,s,13
19K273,P.S. 273 Wortman,314,54,17.2%,20,s,s,33
19K290,P.S. 290 Juan Morel Campos,396,50,12.6%,15,s,s,35
19K292,J.H.S. 292 Margaret S. Douglas,506,102,20.2%,69,53,16,33
19K306,P.S. 306 Ethan Allen,289,66,22.8%,35,20,15,26
19K325,The Fresh Creek School,145,16,11.0%,11,s,s,s
19K328,P.S. 328 Phyllis Wheatley,308,125,40.6%,111,70,41,9
19K345,P.S. 345 Patrolman Robert Bolden,515,47,9.1%,37,s,s,10
19K346,P.S. 346 Abe Stark,505,47,9.3%,6,s,s,39
19K364,I.S. 364 Gateway,212,27,12.7%,s,s,s,19
19K404,Academy for Young Writers,543,51,9.4%,26,17,9,25
19K409,East New York Family Academy,559,58,10.4%,32,14,18,23
19K422,Spring Creek Community School,525,41,7.8%,24,14,10,15
19K444,Home Schooling,378,33,8.7%,19,11,8,13
19K452,Frederick Douglass Academy VIII Middle School,280,25,8.9%,10,s,s,15
19K502,FDNY - Captain Vernon A. Richard High School for F,266,48,18.0%,32,12,20,15
19K504,High School for Civil Rights,188,39,20.7%,25,13,12,12
19K507,Performing Arts and Technology High School,330,41,12.4%,19,10,9,19
19K510,World Academy for Total Community Health High Scho,177,32,18.1%,11,s,s,20
19K557,Brooklyn Gardens Elementary School,289,83,28.7%,38,28,10,35
19K583,Multicultural High School,294,38,12.9%,9,s,s,28
19K615,Transit Tech Career and Technical Education High S,852,83,9.7%,34,17,17,48
19K618,Academy of Innovative Technology,455,28,6.2%,13,7,6,14
19K639,Brooklyn Lab School,394,37,9.4%,11,s,s,21
19K654,Van Siclen Community Middle School,293,44,15.0%,14,s,s,29
19K659,Cypress Hills Collegiate Preparatory School,376,40,10.6%,10,s,s,29
19K660,W. H. Maxwell Career and Technical Education High,398,55,13.8%,40,20,20,13
19K661,Vista Academy,487,77,15.8%,10,s,s,67
19K662,Liberty Avenue Middle School,562,88,15.7%,26,16,10,58
19K663,School of the Future Brooklyn,119,24,20.2%,13,s,s,11
19K677,East New York Elementary School of Excellence,457,75,16.4%,30,24,6,45
19K678,East New York Middle School of Excellence,250,30,12.0%,14,8,6,14
19K683,School for Classics High School,241,30,12.4%,11,s,s,16
19K700,Universal Pre-K C.B.O.,1429,53,3.7%,35,s,s,16
19K760,Highland Park Community School,375,51,13.6%,s,s,s,47
19K764,The Urban Assembly School for Collaborative Health,349,40,11.5%,11,s,s,29
19K907,Legacy School of the Arts,143,27,18.9%,14,s,s,10
19K938,P.S. 938,61,8,13.1%,s,s,s,7
19K953,The East New York Arts and Civics High School,172,22,12.8%,10,s,s,11
20K030,P.S./I.S. 30 Mary White Ovington,992,37,3.7%,s,s,s,35
20K048,P.S. 048 Mapleton,579,20,3.5%,s,s,s,17
20K062,J.H.S. 062 Ditmas,1147,145,12.6%,9,s,s,131
20K069,P.S. 69 Vincent D. Grippo School,765,10,1.3%,s,s,s,9
20K102,P.S. 102 The Bayview,1322,57,4.3%,s,s,s,52
20K104,P.S./I.S. 104 The Fort Hamilton School,1224,16,1.3%,s,s,s,10
20K105,P.S. 105 The Blythebourne,1377,6,0.4%,s,s,s,s
20K112,P.S. 112 Lefferts Park,730,35,4.8%,s,s,s,33
20K127,P.S. 127 Mckinley Park,531,8,1.5%,s,s,s,6
20K160,P.S. 160 William T. Sampson,1151,40,3.5%,s,s,s,39
20K163,P.S. 163 Bath Beach,634,58,9.1%,s,s,s,56
20K164,P.S. 164 Caesar Rodney,635,51,8.0%,s,s,s,51
20K170,Ralph A. Fabrizio School,1001,125,12.5%,6,s,s,119
20K176,P.S. 176 Ovington,1175,32,2.7%,s,s,s,32
20K179,P.S. 179 Kensington,798,67,8.4%,s,s,s,62
20K180,The SEEALL Academy,1045,32,3.1%,s,s,s,30
20K185,P.S. 185 Walter Kassenbrock,607,6,1.0%,s,s,s,s
20K186,P.S. 186 Dr. Irving A Gladstone,1071,25,2.3%,s,s,s,20
20K187,The Christa McAuliffe School\I.S. 187,990,s,s,s,s,s,s
20K192,P.S. 192 - The Magnet School for Math and Science,643,57,8.9%,s,s,s,56
20K200,P.S. 200 Benson School,1384,42,3.0%,s,s,s,38
20K201,J.H.S. 201 The Dyker Heights,1742,30,1.7%,s,s,s,28
20K204,P.S. 204 Vince Lombardi,1063,18,1.7%,s,s,s,16
20K205,P.S. 205 Clarion,1245,25,2.0%,s,s,s,24
20K220,J.H.S. 220 John J. Pershing,1454,126,8.7%,s,s,s,119
20K223,J.H.S. 223 The Montauk,909,75,8.3%,s,s,s,71
20K227,J.H.S. 227 Edward B. Shallow,1567,74,4.7%,s,s,s,68
20K229,P.S. 229 Dyker,1212,18,1.5%,s,s,s,17
20K247,P.S. 247 Brooklyn,815,13,1.6%,s,s,s,12
20K259,J.H.S. 259 William McKinley,1776,72,4.1%,s,s,s,67
20K264,P.S. 264 Bay Ridge Elementary School For The Arts,443,18,4.1%,s,s,s,18
20K310,The School For Future Leaders,491,s,s,s,s,s,s
20K444,Home Schooling,440,s,s,s,s,s,s
20K445,New Utrecht High School,3591,228,6.3%,15,6,9,210
20K485,High School of Telecommunication Arts and Technolo,1292,40,3.1%,s,s,s,35
20K490,Fort Hamilton High School,4678,233,5.0%,13,7,6,208
20K503,P.S. 503: The School of Discovery,877,260,29.6%,11,s,s,249
20K505,Franklin Delano Roosevelt High School,3333,214,6.4%,17,6,11,180
20K506,P.S. 506: The School of Journalism & Technology,671,80,11.9%,s,s,s,79
20K609,Urban Assembly School for Leadership and Empowerme,592,51,8.6%,s,s,s,46
20K682,The Academy of Talented Scholars,393,10,2.5%,s,s,s,10
20K686,Brooklyn School of Inquiry,525,s,s,s,s,s,s
20K700,Universal Pre-K C.B.O.,2948,36,1.2%,s,s,s,34
20K748,P.S. 748 Brooklyn School for Global Scholars,501,18,3.6%,s,s,s,17
20K768,District 20 Pre-K Center,1130,12,1.1%,s,s,s,8
20K936,MS 936 Arts Off 3rd,154,17,11.0%,s,s,s,17
20K939,Sunset School of Cultural Learning,66,15,22.7%,s,s,s,14
20K971,"School of Math, Science, and Healthy Living",271,6,2.2%,s,s,s,6
21K090,P.S. 90 Edna Cohen School,533,58,10.9%,11,s,s,39
21K095,P.S. 095 The Gravesend,1006,26,2.6%,s,s,s,18
21K096,I.S. 096 Seth Low,830,53,6.4%,7,s,s,44
21K097,P.S. 97 The Highlawn,717,20,2.8%,s,s,s,20
21K098,I.S. 98 Bay Academy,1700,s,s,s,s,s,s
21K099,P.S. 099 Isaac Asimov,852,34,4.0%,s,s,s,31
21K100,P.S. 100 The Coney Island School,703,25,3.6%,s,s,s,21
21K101,P.S. 101 The Verrazano,993,7,0.7%,s,s,s,6
21K121,P.S. 121 Nelson A. Rockefeller,329,30,9.1%,s,s,s,26
21K128,P.S. 128 Bensonhurst,436,6,1.4%,s,s,s,6
21K153,P.S. 153 Homecrest,575,22,3.8%,s,s,s,20
21K177,P.S. 177 The Marlboro,970,38,3.9%,s,s,s,33
21K188,P.S. 188 Michael E. Berdy,327,20,6.1%,18,s,s,s
21K199,P.S. 199 Frederick Wachtel,562,42,7.5%,s,s,s,40
21K209,P.S. 209 Margaret Mead,715,47,6.6%,s,s,s,43
21K212,P.S. 212 Lady Deborah Moody,623,35,5.6%,s,s,s,30
21K215,P.S. 215 Morris H. Weiss,769,28,3.6%,s,s,s,24
21K216,P.S. 216 Arturo Toscanini,726,22,3.0%,s,s,s,19
21K225,P.S. K225 - The Eileen E. Zaglin,1008,35,3.5%,10,s,s,24
21K226,P.S. 226 Alfred De B. Mason,960,62,6.5%,s,s,s,58
21K228,I.S. 228 David A. Boody,1605,64,4.0%,8,s,s,53
21K238,P.S. 238 Anne Sullivan,632,43,6.8%,s,s,s,40
21K239,Mark Twain I.S. 239 for the Gifted & Talented,1331,19,1.4%,s,s,s,18
21K253,P.S. 253,889,69,7.8%,s,s,s,64
21K281,I.S. 281 Joseph B Cavallaro,1220,55,4.5%,6,s,s,47
21K288,P.S. 288 The Shirley Tanyhill,556,31,5.6%,24,s,s,s
21K303,I.S. 303 Herbert S. Eisenberg,535,45,8.4%,s,s,s,39
21K329,P.S. 329 Surfside,373,44,11.8%,18,12,6,25
21K337,International High School at Lafayette,326,132,40.5%,s,s,s,131
21K344,Rachel Carson High School for Coastal Studies,597,18,3.0%,s,s,s,15
21K348,High School of Sports Management,276,34,12.3%,8,s,s,25
21K410,Abraham Lincoln High School,1815,152,8.4%,39,12,27,104
21K444,Home Schooling,389,10,2.6%,6,s,s,s
21K468,Kingsborough Early College School,757,43,5.7%,11,s,s,28
21K525,Edward R. Murrow High School,3645,287,7.9%,23,11,12,261
21K540,John Dewey High School,2260,181,8.0%,39,21,18,133
21K559,Life Academy High School for Film and Music,250,28,11.2%,9,s,s,18
21K572,Leaders High School,395,27,6.8%,6,s,s,20
21K620,William E. Grady Career and Technical Education Hi,510,47,9.2%,18,7,11,28
21K690,Brooklyn Studio Secondary School,976,27,2.8%,s,s,s,23
21K700,Universal Pre-K C.B.O.,1854,24,1.3%,s,s,s,6
21K728,Liberation Diploma Plus,230,26,11.3%,9,s,s,14
21K840,Brooklyn's Daily Discovery Pre-K Center,255,s,s,s,s,s,s
22K014,J.H.S. 014 Shell Bank,544,61,11.2%,15,9,6,41
22K052,P.S. 052 Sheepshead Bay,790,32,4.1%,21,s,s,10
22K078,J.H.S. 078 Roy H. Mann,535,48,9.0%,9,s,s,38
22K109,P.S. 109,537,123,22.9%,98,78,20,25
22K119,P.S. 119 Amersfort,430,31,7.2%,s,s,s,28
22K134,P.S. K134,582,22,3.8%,s,s,s,22
22K139,P.S. 139 Alexine A. Fenty,843,79,9.4%,8,s,s,69
22K152,School of Science & Technology,581,47,8.1%,13,s,s,34
22K193,P.S. 193 Gil Hodges,610,34,5.6%,s,s,s,31
22K194,P.S. 194 Raoul Wallenberg,533,69,12.9%,23,s,s,44
22K195,P.S. 195 Manhattan Beach,422,s,s,s,s,s,s
22K197,P.S. 197 - The Kings Highway Academy,913,84,9.2%,s,s,s,82
22K198,P.S. 198 Brooklyn,332,43,13.0%,21,14,7,22
22K203,P.S. 203 Floyd Bennett School,563,46,8.2%,12,6,6,33
22K206,P.S. 206 Joseph F Lamb,1539,45,2.9%,s,s,s,41
22K207,P.S. 207 Elizabeth G. Leary,1052,11,1.0%,s,s,s,7
22K217,P.S. 217 Colonel David Marcus School,1066,52,4.9%,s,s,s,47
22K222,P.S. 222 Katherine R. Snyder,811,11,1.4%,s,s,s,9
22K234,J.H.S. 234 Arthur W. Cunningham,1464,110,7.5%,s,s,s,106
22K236,P.S. 236 Mill Basin,576,16,2.8%,s,s,s,13
22K240,Andries Hudde,591,103,17.4%,29,15,14,72
22K245,P.S. 245,261,16,6.1%,s,s,s,13
22K251,P.S. 251 Paerdegat,404,36,8.9%,16,s,s,18
22K254,P.S. 254 Dag Hammarskjold,691,9,1.3%,s,s,s,9
22K255,P.S. 255 Barbara Reing School,833,64,7.7%,s,s,s,61
22K277,P.S. 277 Gerritsen Beach,384,s,s,s,s,s,s
22K278,J.H.S. 278 Marine Park,1268,80,6.3%,7,s,s,73
22K312,P.S. 312 Bergen Beach,724,65,9.0%,s,s,s,58
22K315,P.S. K315,575,71,12.3%,18,6,12,48
22K326,P.S. 326,142,s,s,s,s,s,s
22K361,P.S. 361 East Flatbush Early Childhood School,505,86,17.0%,25,13,12,61
22K381,I. S. 381,327,9,2.8%,7,s,s,s
22K405,Midwood High School,4111,208,5.1%,16,8,8,188
22K425,James Madison High School,3888,240,6.2%,17,s,s,214
22K444,Home Schooling,656,20,3.0%,7,s,s,13
22K535,Leon M. Goldstein High School for the Sciences,1032,10,1.0%,s,s,s,8
22K555,Brooklyn College Academy,668,21,3.1%,s,s,s,18
22K611,Origins High School,414,39,9.4%,7,s,s,29
22K630,Professional Pathways High School,207,14,6.8%,s,s,s,9
22K700,Universal Pre-K C.B.O.,1755,17,1.0%,14,8,6,s
22K853,The Joan Snow Pre-K Center,227,6,2.6%,s,s,s,s
22K889,P.S. 889,259,13,5.0%,s,s,s,9
22K890,M.S. 890,296,20,6.8%,s,s,s,16
23K041,P.S. 041 Francis White,298,55,18.5%,31,24,7,24
23K137,P.S./I.S. 137 Rachel Jean Mitchell,175,21,12.0%,11,s,s,10
23K150,P.S. 150 Christopher,165,22,13.3%,15,s,s,6
23K155,P.S./ I.S. 155 Nicholas Herkimer,355,62,17.5%,43,35,8,17
23K156,P.S. 156 Waverly,530,89,16.8%,63,37,26,20
23K165,P.S. 165 Ida Posner,259,52,20.1%,32,23,9,17
23K178,P.S. 178 Saint Clair Mckelway,291,80,27.5%,49,34,15,28
23K184,P.S. 184 Newport,459,87,19.0%,48,23,25,26
23K284,"The Gregory Jocko Jackson School of Sports, Art, a",264,34,12.9%,26,18,8,7
23K298,P.S. 298 Dr. Betty Shabazz,299,64,21.4%,44,28,16,19
23K323,P.S./I.S. 323,514,85,16.5%,69,51,18,11
23K327,P.S. 327 Dr. Rose B. English,269,54,20.1%,36,25,11,18
23K363,Brownsville Collaborative Middle School,270,56,20.7%,32,18,14,18
23K392,I.S. 392,325,27,8.3%,14,s,s,12
23K401,Christopher Avenue Community School,299,99,33.1%,83,60,23,16
23K444,Home Schooling,131,15,11.5%,9,s,s,s
23K446,Riverdale Avenue Community School,324,63,19.4%,38,s,s,25
23K493,Brooklyn Collegiate: A College Board School,369,45,12.2%,29,20,9,14
23K514,Frederick Douglass Academy VII High School,142,21,14.8%,12,s,s,8
23K518,Kappa V (Knowledge and Power Preparatory Academy),133,25,18.8%,10,s,s,12
23K522,Mott Hall IV,133,18,13.5%,8,s,s,8
23K599,Brooklyn Landmark Elementary School,412,50,12.1%,28,18,10,20
23K643,Brooklyn Democracy Academy,142,20,14.1%,11,s,s,6
23K644,Eagle Academy for Young Men II,634,74,11.7%,44,14,30,28
23K647,Metropolitan Diploma Plus High School,210,31,14.8%,22,10,12,6
23K664,Brooklyn Environmental Exploration School (BEES),178,34,19.1%,27,19,8,6
23K668,Riverdale Avenue Middle School,129,27,20.9%,17,s,s,7
23K671,Mott Hall Bridges Academy,203,19,9.4%,11,s,s,s
23K697,Teachers Preparatory High School,160,34,21.3%,24,14,10,8
23K700,Universal Pre-K C.B.O.,595,37,6.2%,20,s,s,17
24Q005,I.S. 5 - The Walter Crowley Intermediate School,1664,83,5.0%,33,27,6,49
24Q007,P.S. 007 Louis F. Simeone,1307,105,8.0%,13,s,s,90
24Q012,P.S. 012 James B. Colgate,1086,138,12.7%,s,s,s,136
24Q013,P.S. 013 Clement C. Moore,1255,240,19.1%,s,s,s,237
24Q014,P.S. 014 Fairview,1320,73,5.5%,s,s,s,64
24Q016,P.S. Q016 The Nancy DeBenedittis School,1309,321,24.5%,s,s,s,315
24Q019,P.S. 019 Marino Jeantet,1733,284,16.4%,s,s,s,279
24Q028,P.S. 28 - The Thomas Emanuel Early Childhood Cente,434,31,7.1%,s,s,s,29
24Q049,P.S. 049 Dorothy Bonawit Kole,1188,69,5.8%,s,s,s,69
24Q058,P.S. 58 - The School of Heroes,933,33,3.5%,s,s,s,27
24Q061,I.S. 061 Leonardo Da Vinci,2228,385,17.3%,15,s,s,370
24Q068,P.S. 068 Cambridge,505,38,7.5%,8,s,s,29
24Q071,P.S. 071 Forest,677,19,2.8%,s,s,s,17
24Q073,I.S. 73 - The Frank Sansivieri Intermediate School,2149,152,7.1%,8,s,s,140
24Q077,I.S. 077,805,85,10.6%,s,s,s,84
24Q081,P.S. 81Q Jean Paul Richter,629,83,13.2%,s,s,s,77
24Q087,P.S./I.S. 087 Middle Village,580,14,2.4%,s,s,s,11
24Q088,P.S. 088 Seneca,728,25,3.4%,s,s,s,20
24Q089,P.S. 089 Elmhurst,1566,197,12.6%,6,s,s,191
24Q091,P.S. 091 Richard Arkwright,788,24,3.0%,7,s,s,15
24Q093,I.S. 093 Ridgewood,1121,82,7.3%,s,s,s,79
24Q102,P.S. 102 Bayview,1273,127,10.0%,75,67,8,50
24Q110,P.S. 110,990,156,15.8%,s,s,s,149
24Q113,P.S./I.S. 113 Anthony J. Pranzo,855,21,2.5%,s,s,s,20
24Q119,P.S./I.S. 119 The Glendale,1300,77,5.9%,s,s,s,71
24Q125,I.S. 125 Thom J. McCann Woodside,1393,151,10.8%,19,s,s,130
24Q128,"P.S. 128 The Lorraine Tuzzo, Juniper Valley Elemen",862,s,s,s,s,s,s
24Q143,P.S. 143 Louis Armstrong,1373,217,15.8%,39,s,s,178
24Q153,P.S. 153 Maspeth Elem,975,26,2.7%,s,s,s,24
24Q199,P.S. 199 Maurice A. Fitzgerald,625,73,11.7%,31,25,6,42
24Q211,Elm Tree Elementary School,786,309,39.3%,s,s,s,302
24Q229,P.S. 229 Emanuel Kaplan,1298,58,4.5%,26,s,s,31
24Q236,International High School for Health Sciences,268,62,23.1%,s,s,s,61
24Q239,P.S. 239,512,70,13.7%,s,s,s,63
24Q264,Academy of Finance and Enterprise,741,39,5.3%,s,s,s,34
24Q267,High School of Applied Communication,392,16,4.1%,s,s,s,11
24Q290,A.C.E. Academy for Scholars at the Geraldine Ferra,580,19,3.3%,s,s,s,17
24Q293,Civic Leadership Academy,652,25,3.8%,s,s,s,19
24Q296,Pan American International High School,417,85,20.4%,s,s,s,80
24Q299,Bard High School Early College Queens,662,11,1.7%,s,s,s,8
24Q305,Learners and Leaders,537,71,13.2%,s,s,s,70
24Q307,Pioneer Academy,837,88,10.5%,s,s,s,84
24Q311,Corona Arts & Sciences Academy,761,156,20.5%,s,s,s,149
24Q330,Helen M. Marshall School,465,139,29.9%,s,s,s,130
24Q331,Mosaic Pre-K Center,734,60,8.2%,s,s,s,54
24Q343,The Children's Lab School,477,37,7.8%,8,s,s,29
24Q444,Home Schooling,517,17,3.3%,7,s,s,10
24Q455,Newtown High School,1695,162,9.6%,38,21,17,120
24Q485,Grover Cleveland High School,1617,128,7.9%,16,9,7,108
24Q520,Middle College High School at LaGuardia Community,515,17,3.3%,s,s,s,16
24Q530,International High School at LaGuardia Community C,520,98,18.8%,s,s,s,88
24Q550,High School for Arts and Business,753,37,4.9%,10,s,s,27
24Q560,"Robert F. Wagner, Jr. Secondary School for Arts an",650,27,4.2%,7,s,s,18
24Q585,Maspeth High School,1221,21,1.7%,s,s,s,18
24Q600,Queens Technical High School,1473,64,4.3%,s,s,s,55
24Q610,Aviation Career & Technical Education High School,2212,41,1.9%,s,s,s,35
24Q700,Universal Pre-K C.B.O.,2084,79,3.8%,16,9,7,59
24Q744,VOYAGES Preparatory,232,14,6.0%,s,s,s,10
25Q020,P.S. 020 John Bowne,1182,54,4.6%,8,s,s,42
25Q021,P.S. 021 Edward Hart,1235,192,15.5%,s,s,s,188
25Q022,P.S. 022 Thomas Jefferson,854,38,4.4%,s,s,s,37
25Q024,P.S. 024 Andrew Jackson,1111,88,7.9%,s,s,s,86
25Q025,I.S. 025 Adrien Block,1050,79,7.5%,s,s,s,76
25Q029,P.S. 029 Queens,728,40,5.5%,8,s,s,31
25Q032,P.S. 032 State Street,963,36,3.7%,s,s,s,32
25Q079,P.S. 079 Francis Lewis,1104,30,2.7%,s,s,s,28
25Q107,P.S. 107 Thomas A Dooley,917,72,7.9%,s,s,s,70
25Q120,P.S. 120 Queens,849,16,1.9%,s,s,s,14
25Q129,P.S. 129 Patricia Larkin,1098,55,5.0%,s,s,s,52
25Q130,P.S. 130,405,s,s,s,s,s,s
25Q154,P.S. 154 Queens,619,15,2.4%,s,s,s,12
25Q163,P.S. 163 Flushing Heights,841,12,1.4%,s,s,s,11
25Q164,P.S. 164 Queens Valley,626,16,2.6%,s,s,s,13
25Q165,P.S. 165 Edith K. Bergtraum,753,49,6.5%,7,s,s,42
25Q169,P.S. 169 Bay Terrace,368,s,s,s,s,s,s
25Q184,P.S. 184 Flushing Manor,523,20,3.8%,s,s,s,20
25Q185,J.H.S. 185 Edward Bleeker,1426,129,9.0%,s,s,s,120
25Q189,J.H.S. 189 Daniel Carter Beard,744,52,7.0%,s,s,s,49
25Q193,P.S. 193 Alfred J. Kennedy,608,s,s,s,s,s,s
25Q194,J.H.S. 194 William Carr,1208,51,4.2%,s,s,s,49
25Q200,P.S./M.S. 200 - The Magnet School of Global Studie,534,22,4.1%,9,s,s,12
25Q201,P.S. 201 The Discovery School for Inquiry and Rese,454,23,5.1%,15,s,s,6
25Q209,P.S. 209 Clearview Gardens,553,s,s,s,s,s,s
25Q214,P.S. 214 Cadwallader Colden,377,11,2.9%,s,s,s,9
25Q219,P.S. 219 Paul Klapper,641,62,9.7%,s,s,s,57
25Q237,I.S. 237,1358,67,4.9%,s,s,s,62
25Q240,Veritas Academy,633,35,5.5%,s,s,s,31
25Q241,Queens High School for Language Studies,445,23,5.2%,s,s,s,22
25Q242,P.S. 242 Leonard P. Stavisky Early Childhood Schoo,401,9,2.2%,s,s,s,s
25Q244,The Active Learning Elementary School,492,s,s,s,s,s,s
25Q250,I.S. 250 The Robert F. Kennedy Community Middle Sc,347,35,10.1%,s,s,s,30
25Q252,"Queens School of Inquiry, The",609,13,2.1%,s,s,s,13
25Q263,Flushing International High School,446,87,19.5%,s,s,s,79
25Q281,East-West School of International Studies,686,7,1.0%,s,s,s,s
25Q285,World Journalism Preparatory: A College Board Scho,628,23,3.7%,s,s,s,20
25Q294,BELL Academy,354,s,s,s,s,s,s
25Q379,College Point Collaborative,494,20,4.0%,s,s,s,19
25Q409,District 25 PRE-K Center,156,s,s,s,s,s,s
25Q425,John Bowne High School,3336,160,4.8%,31,18,13,122
25Q444,Home Schooling,384,10,2.6%,s,s,s,10
25Q460,Flushing High School,1418,116,8.2%,15,s,s,100
25Q499,"The Queens College School for Math, Science and Te",515,10,1.9%,s,s,s,6
25Q525,Townsend Harris High School,1271,11,0.9%,s,s,s,10
25Q540,Queens Academy High School,378,17,4.5%,s,s,s,11
25Q670,Robert F. Kennedy Community High School,672,26,3.9%,s,s,s,21
25Q700,Universal Pre-K C.B.O.,1785,37,2.1%,s,s,s,34
25Q792,North Queens Community High School,132,9,6.8%,s,s,s,6
26Q018,P.S. 018 Winchester,474,6,1.3%,s,s,s,s
26Q026,P.S. 026 Rufus King,711,11,1.5%,s,s,s,10
26Q031,P.S. 031 Bayside,457,s,s,s,s,s,s
26Q041,P.S. 041 Crocheron,479,9,1.9%,s,s,s,8
26Q046,P.S. 046 Alley Pond,508,15,3.0%,s,s,s,15
26Q067,J.H.S. 067 Louis Pasteur,1051,21,2.0%,s,s,s,19
26Q074,J.H.S. 074 Nathaniel Hawthorne,1141,28,2.5%,s,s,s,28
26Q094,P.S. 094 David D. Porter,336,10,3.0%,s,s,s,10
26Q098,P.S. 098 The Douglaston School,272,s,s,s,s,s,s
26Q115,The James J. Ambrose School,793,13,1.6%,s,s,s,13
26Q133,P.S. 133 Queens,619,14,2.3%,s,s,s,14
26Q158,M.S. 158 Marie Curie,995,33,3.3%,s,s,s,29
26Q159,P.S. 159,667,26,3.9%,s,s,s,26
26Q162,P.S. 162 John Golden,583,17,2.9%,s,s,s,12
26Q172,Irwin Altman Middle School 172,992,28,2.8%,s,s,s,26
26Q173,P.S. 173 Fresh Meadows,911,30,3.3%,s,s,s,30
26Q178,P.S./ IS 178 Holliswood,540,10,1.9%,s,s,s,7
26Q186,P.S. 186 Castlewood,383,7,1.8%,s,s,s,7
26Q188,P.S. 188 Kingsbury,742,16,2.2%,s,s,s,16
26Q191,P.S. 191 Mayflower,404,42,10.4%,s,s,s,42
26Q203,P.S. 203 Oakland Gardens,817,s,s,s,s,s,s
26Q205,P.S. 205 Alexander Graham Bell,285,9,3.2%,s,s,s,9
26Q213,P.S. 213 The Carl Ullman School,461,18,3.9%,s,s,s,17
26Q216,J.H.S. 216 George J. Ryan,1611,120,7.4%,s,s,s,116
26Q221,P.S. 221 The North Hills School,611,s,s,s,s,s,s
26Q266,P.S./I.S. 266,597,10,1.7%,s,s,s,s
26Q315,Business Technology Early College High School,559,41,7.3%,7,s,s,32
26Q376,P.S. 376,307,15,4.9%,s,s,s,15
26Q390,The CIVIC School of Bayside Hills,43,s,s,s,s,s,s
26Q415,Benjamin N. Cardozo High School,3415,106,3.1%,14,s,s,86
26Q430,Francis Lewis High School,4454,195,4.4%,7,s,s,185
26Q435,Martin Van Buren High School,1150,60,5.2%,16,8,8,44
26Q444,Home Schooling,257,s,s,s,s,s,s
26Q495,Bayside High School,2972,192,6.5%,12,s,s,148
26Q566,"Queens High School of Teaching, Liberal Arts and t",955,26,2.7%,s,s,s,23
26Q700,Universal Pre-K C.B.O.,1011,14,1.4%,s,s,s,11
27Q042,P.S./M.S 042 R. Vernam,638,52,8.2%,30,21,9,21
27Q043,P.S. 043,821,124,15.1%,64,41,23,49
27Q045,P.S. 045 Clarence Witherspoon,321,47,14.6%,37,27,10,10
27Q047,P.S. 047 Chris Galas,264,9,3.4%,s,s,s,8
27Q051,P.S. 051,227,11,4.8%,s,s,s,10
27Q053,M.S. 053 Brian Piccolo,172,30,17.4%,13,s,s,16
27Q056,P.S. 056 Harry Eichler,342,19,5.6%,s,s,s,16
27Q060,P.S. 060 Woodhaven,1081,45,4.2%,12,s,s,33
27Q062,P. S. 62 - Chester Park School,903,8,0.9%,6,s,s,s
27Q063,P.S. 063 Old South,1126,45,4.0%,19,s,s,23
27Q064,P.S. 064 Joseph P. Addabbo,484,14,2.9%,7,s,s,7
27Q065,P.S. 65 - The Raymond York Elementary School,434,19,4.4%,s,s,s,15
27Q066,P.S. 066 Jacqueline Kennedy Onassis,507,19,3.7%,6,s,s,13
27Q090,P.S. 090 Horace Mann,684,46,6.7%,s,s,s,41
27Q096,P.S. 096,304,16,5.3%,s,s,s,12
27Q097,P.S. 097 Forest Park,647,30,4.6%,9,s,s,21
27Q100,P.S. 100 Glen Morris,878,14,1.6%,s,s,s,12
27Q104,P.S. 104 The Bays Water,647,47,7.3%,22,s,s,24
27Q105,P.S. 105 The Bay School,806,82,10.2%,36,24,12,43
27Q106,Lighthouse Elementary School,168,26,15.5%,10,s,s,15
27Q108,P.S. 108 Captain Vincent G. Fowler,1319,39,3.0%,12,s,s,27
27Q114,P.S./M.S. 114 Belle Harbor,651,s,s,s,s,s,s
27Q123,P.S. 123,620,59,9.5%,25,17,8,29
27Q124,P.S. 124 Osmond A Church,1119,28,2.5%,12,s,s,15
27Q137,M.S. 137 America's School of Heroes,1947,25,1.3%,14,s,s,8
27Q146,P.S. 146 Howard Beach,555,13,2.3%,s,s,s,13
27Q155,P.S. 155,566,23,4.1%,6,s,s,16
27Q183,P.S. 183 Dr. Richard R. Green,499,65,13.0%,26,17,9,29
27Q197,P.S. 197 The Ocean School,455,32,7.0%,18,s,s,13
27Q202,J.H.S. 202 Robert H. Goddard,1048,35,3.3%,7,s,s,27
27Q207,P.S. 207 Rockwood Park,668,s,s,s,s,s,s
27Q210,J.H.S. 210 Elizabeth Blackwell,1776,94,5.3%,12,s,s,74
27Q223,P.S. 223 Lyndon B. Johnson,491,31,6.3%,11,s,s,12
27Q226,J.H.S. 226 Virgil I. Grissom,894,98,11.0%,20,13,7,76
27Q232,P.S. 232 Lindenwood,911,20,2.2%,8,s,s,10
27Q253,P.S. 253,537,95,17.7%,16,s,s,75
27Q254,P.S. 254 - The Rosa Parks School,594,19,3.2%,s,s,s,18
27Q260,Frederick Douglass Academy VI High School,250,27,10.8%,13,s,s,7
27Q261,Voyages Prep - South Queens,324,27,8.3%,10,s,s,13
27Q262,Channel View School for Research,1182,48,4.1%,15,s,s,28
27Q273,P.S. 273,312,s,s,s,s,s,s
27Q282,Knowledge and Power Preparatory Academy VI,286,14,4.9%,s,s,s,14
27Q297,Hawtree Creek Middle School,397,9,2.3%,s,s,s,6
27Q302,"Queens High School for Information, Research, and",486,36,7.4%,9,s,s,24
27Q306,New York City Academy for Discovery,357,21,5.9%,s,s,s,16
27Q308,Robert H. Goddard High School of Communication Art,609,12,2.0%,s,s,s,6
27Q309,Academy of Medical Technology: A College Board Sch,732,79,10.8%,24,13,11,54
27Q314,Epic High School - South,413,20,4.8%,s,s,s,13
27Q316,Queens Explorers Elementary School,466,16,3.4%,s,s,s,13
27Q317,Waterside Children's Studio School,486,16,3.3%,7,s,s,s
27Q318,Waterside School For Leadership,198,21,10.6%,s,s,s,18
27Q319,Village Academy,383,49,12.8%,15,s,s,24
27Q323,Scholars' Academy,1254,s,s,s,s,s,s
27Q324,Rockaway Park High School for Environmental Sustai,259,25,9.7%,9,s,s,14
27Q333,Goldie Maple Academy,354,8,2.3%,7,s,s,s
27Q334,Epic High School - North,411,21,5.1%,s,s,s,17
27Q336,Curious Young Learners Pre-K Center,799,7,0.9%,6,s,s,s
27Q351,Rockaway Collegiate High School,299,32,10.7%,17,s,s,13
27Q362,Wave Preparatory Elementary School,498,70,14.1%,25,13,12,40
27Q377,P.S. 377,417,17,4.1%,12,s,s,s
27Q400,August Martin High School,424,59,13.9%,25,16,9,30
27Q444,Home Schooling,590,14,2.4%,s,s,s,6
27Q475,Richmond Hill High School,1624,92,5.7%,19,8,11,62
27Q480,John Adams High School,2454,187,7.6%,30,24,6,157
27Q650,"High School for Construction Trades, Engineering a",1101,7,0.6%,s,s,s,6
27Q700,Universal Pre-K C.B.O.,1873,45,2.4%,16,s,s,23
28Q008,J.H.S. 008 Richard S. Grossley,459,48,10.5%,9,s,s,38
28Q040,P.S. 040 Samuel Huntington,376,42,11.2%,16,s,s,26
28Q048,P.S. 048 William Wordsworth,542,94,17.3%,21,14,7,65
28Q050,P.S. 050 Talfourd Lawn Elementary School,815,64,7.9%,22,14,8,40
28Q054,P.S. 054 Hillside,485,77,15.9%,s,s,s,75
28Q055,P.S. 055 Maure,516,14,2.7%,s,s,s,11
28Q072,Catherine & Count Basie Middle School 72,259,36,13.9%,14,s,s,16
28Q080,PS 80  The Thurgood Marshall Magnet School of Mult,408,52,12.7%,28,19,9,24
28Q082,P.S. 082 Hammond,590,58,9.8%,20,s,s,36
28Q086,P.S. Q086,717,86,12.0%,s,s,s,82
28Q099,P.S. 099 Kew Gardens,721,54,7.5%,9,s,s,45
28Q101,P.S. 101 School in the Gardens,620,s,s,s,s,s,s
28Q117,P.S. 117 J. Keld / Briarwood School,904,73,8.1%,57,41,16,15
28Q121,P.S. 121 Queens,804,18,2.2%,s,s,s,11
28Q139,P.S. 139 Rego Park,675,28,4.1%,s,s,s,26
28Q140,P.S. 140 Edward K Ellington,405,45,11.1%,12,6,6,33
28Q144,P.S. 144 Col Jeromus Remsen,904,15,1.7%,s,s,s,14
28Q157,J.H.S. 157 Stephen A. Halsey,1674,76,4.5%,14,s,s,62
28Q160,P.S. 160 Walter Francis Bishop,639,79,12.4%,26,15,11,51
28Q161,P.S. 161 Arthur Ashe School,617,24,3.9%,s,s,s,19
28Q167,Metropolitan Expeditionary Learning School,839,43,5.1%,s,s,s,36
28Q174,P.S. 174 William Sidney Mount,622,11,1.8%,s,s,s,11
28Q175,P.S. 175 The Lynn Gross Discovery School,782,14,1.8%,s,s,s,14
28Q182,P.S. 182 Samantha Smith,648,100,15.4%,13,s,s,86
28Q190,J.H.S. 190 Russell Sage,1142,45,3.9%,8,s,s,33
28Q196,P.S. 196 Grand Central Parkway,966,s,s,s,s,s,s
28Q206,P.S. 206 The Horace Harding School,595,20,3.4%,8,s,s,10
28Q217,J.H.S. 217 Robert A. Van Wyck,1634,196,12.0%,31,s,s,162
28Q220,P.S. 220 Edward Mandel,670,36,5.4%,s,s,s,32
28Q284,York Early College Academy,628,20,3.2%,s,s,s,14
28Q287,The Emerson School,397,55,13.9%,10,s,s,42
28Q303,The Academy for Excellence through the Arts,374,s,s,s,s,s,s
28Q310,Queens Collegiate: A College Board School,646,37,5.7%,s,s,s,28
28Q312,Jamaica Children's School,243,26,10.7%,13,s,s,9
28Q325,Hillside Arts & Letters Academy,459,35,7.6%,10,s,s,25
28Q328,High School for Community Leadership,477,26,5.5%,s,s,s,20
28Q332,Redwood Middle School,281,22,7.8%,7,s,s,14
28Q335,The Ezra Jack Keats Pre-K Center,234,9,3.8%,s,s,s,8
28Q338,Queens Satellite High School for Opportunity,162,9,5.6%,s,s,s,s
28Q349,The Queens School for Leadership and Excellence,617,68,11.0%,13,s,s,54
28Q350,Jamaica Gateway to the Sciences,527,44,8.3%,12,6,6,31
28Q354,The Jermaine L. Green STEM Institute of Queens,494,55,11.1%,17,11,6,32
28Q358,M.S. 358,354,36,10.2%,s,s,s,33
28Q440,Forest Hills High School,3790,152,4.0%,22,13,9,122
28Q444,Home Schooling,510,14,2.7%,s,s,s,8
28Q505,Hillcrest High School,2857,204,7.1%,29,s,s,174
28Q620,Thomas A. Edison Career and Technical Education Hi,2337,96,4.1%,12,s,s,80
28Q680,Queens Gateway to Health Sciences Secondary School,722,34,4.7%,s,s,s,33
28Q686,Queens Metropolitan High School,1039,22,2.1%,s,s,s,20
28Q687,Queens High School for the Sciences at York Colleg,512,10,2.0%,s,s,s,9
28Q690,High School for Law Enforcement and Public Safety,386,20,5.2%,11,s,s,8
28Q700,Universal Pre-K C.B.O.,2259,62,2.7%,30,s,s,29
28Q896,"Young Women's Leadership School, Queens",580,14,2.4%,s,s,s,9
29Q015,P.S. 015 Jackie Robinson,385,40,10.4%,10,s,s,30
29Q033,P.S. 033 Edward M. Funk,906,29,3.2%,s,s,s,26
29Q034,P.S. 034 John Harvard,557,58,10.4%,8,s,s,48
29Q035,P.S. 035 Nathaniel Woodhull,666,47,7.1%,14,s,s,30
29Q036,P.S. 036 Saint Albans School,341,46,13.5%,10,s,s,36
29Q037,Cynthia Jenkins School,312,63,20.2%,17,7,10,44
29Q038,P.S. 038 Rosedale,257,16,6.2%,s,s,s,8
29Q052,P.S. 052 Queens,342,125,36.5%,109,91,18,16
29Q059,I.S. 059 Springfield Gardens,536,56,10.4%,13,s,s,36
29Q095,P.S. 095 Eastwood,1409,205,14.5%,59,51,8,145
29Q109,Jean Nuzzi Intermediate School,1177,81,6.9%,19,13,6,57
29Q116,P.S./I.S. 116 William C. Hughley,866,108,12.5%,67,61,6,39
29Q118,P.S. 118 Lorraine Hansberry,411,34,8.3%,14,s,s,18
29Q131,P.S. 131 Abigail Adams,715,99,13.8%,s,s,s,96
29Q132,P.S. 132 Ralph Bunche,340,25,7.4%,8,s,s,16
29Q134,P.S. 134 Hollis,301,24,8.0%,13,s,s,7
29Q135,The Bellaire School,814,52,6.4%,28,s,s,24
29Q136,P.S. 136 Roy Wilkins,497,44,8.9%,25,16,9,15
29Q138,P.S./M.S. 138 Sunrise,616,45,7.3%,12,s,s,28
29Q147,P.S./M.S. 147 Ronald McNair,508,37,7.3%,9,s,s,24
29Q156,P.S. 156 Laurelton,169,16,9.5%,9,s,s,7
29Q176,P.S. 176 Cambria Heights,680,8,1.2%,s,s,s,s
29Q181,P.S. 181 Brookfield,302,28,9.3%,16,s,s,11
29Q192,I.S. 192 The Linden,437,51,11.7%,13,7,6,30
29Q195,P.S. 195 William Haberle,424,29,6.8%,12,s,s,12
29Q208,P.S./I.S. 208,752,25,3.3%,s,s,s,20
29Q238,I.S. 238 - Susan B. Anthony Academy,1156,171,14.8%,38,30,8,132
29Q243,Institute for Health Professions at Cambria Height,478,40,8.4%,7,s,s,28
29Q248,Queens Preparatory Academy,242,25,10.3%,6,s,s,15
29Q251,P.S. 251 Queens,299,24,8.0%,8,s,s,15
29Q259,Pathways College Preparatory School: A College Boa,616,47,7.6%,14,s,s,28
29Q265,Excelsior Preparatory High School,407,37,9.1%,14,7,7,21
29Q268,P.S./I.S. 268,633,42,6.6%,10,s,s,27
29Q270,The Gordon Parks School,709,23,3.2%,7,s,s,16
29Q272,George Washington Carver High School for the Scien,353,28,7.9%,14,7,7,14
29Q283,Preparatory Academy for Writers: A College Board S,545,44,8.1%,15,6,9,28
29Q289,Queens United Middle School,178,18,10.1%,8,s,s,6
29Q295,P.S./I.S. 295,560,67,12.0%,8,s,s,59
29Q313,Benjamin Franklin High School for Finance & Inform,435,35,8.0%,8,s,s,23
29Q326,Cambria Heights Academy,362,29,8.0%,s,s,s,24
29Q327,Eagle Academy for Young Men III,410,39,9.5%,11,s,s,23
29Q355,Collaborative Arts Middle School,398,43,10.8%,21,s,s,21
29Q356,Community Voices Middle School,342,60,17.5%,22,9,13,35
29Q360,P.S. 360,327,15,4.6%,6,s,s,9
29Q381,District 29 Pre-K Center,185,11,5.9%,s,s,s,7
29Q444,Home Schooling,422,25,5.9%,14,s,s,10
29Q492,"Mathematics, Science Research and Technology Magne",366,38,10.4%,7,s,s,29
29Q498,Humanities & Arts Magnet High School,379,21,5.5%,8,s,s,13
29Q700,Universal Pre-K C.B.O.,1168,72,6.2%,13,s,s,54
30Q002,P.S. 002 Alfred Zimberg,529,35,6.6%,30,s,s,s
30Q010,I.S. 010 Horace Greeley,773,52,6.7%,9,s,s,40
30Q011,P.S. 011 Kathryn Phelan,839,66,7.9%,7,s,s,59
30Q017,P.S. 017 Henry David Thoreau,583,63,10.8%,11,s,s,51
30Q069,P.S. 069 Jackson Heights,885,24,2.7%,s,s,s,22
30Q070,P.S. 070,821,23,2.8%,6,s,s,16
30Q076,P.S. 076 William Hallet,405,31,7.7%,18,10,8,13
30Q078,P.S./I.S. 78Q,742,8,1.1%,s,s,s,6
30Q084,P.S. 084 Steinway,289,9,3.1%,s,s,s,6
30Q085,P.S. 085 Judge Charles Vallone,594,14,2.4%,s,s,s,12
30Q092,P.S. 092 Harry T. Stewart Sr.,869,9,1.0%,s,s,s,s
30Q111,P.S. 111 Jacob Blackwell,344,80,23.3%,54,35,19,21
30Q112,P.S. 112 Dutch Kills,403,47,11.7%,14,s,s,33
30Q122,P.S. 122 Mamie Fay,1273,30,2.4%,s,s,s,25
30Q126,Albert Shanker School for Visual and Performing Ar,584,41,7.0%,6,s,s,32
30Q127,P.S. 127 Aerospace Science Magnet School,1114,79,7.1%,30,s,s,49
30Q141,I.S. 141 The Steinway,1187,69,5.8%,30,s,s,36
30Q145,I.S. 145 Joseph Pulitzer,1639,158,9.6%,10,s,s,148
30Q148,P.S. 148 Queens,750,74,9.9%,s,s,s,70
30Q149,P.S. 149 Christa McAuliffe,865,132,15.3%,6,s,s,125
30Q150,P.S. 150 Queens,924,54,5.8%,s,s,s,50
30Q151,P.S. 151 Mary D. Carter,308,41,13.3%,13,s,s,28
30Q152,P.S. 152 Gwendoline N. Alleyne School,841,170,20.2%,s,s,s,169
30Q166,P.S. 166 Henry Gradstein,901,36,4.0%,6,s,s,30
30Q171,P.S. 171 Peter G. Van Alst,410,53,12.9%,8,s,s,39
30Q204,I.S. 204 Oliver W. Holmes,381,36,9.4%,9,s,s,26
30Q212,P.S. 212,744,12,1.6%,s,s,s,10
30Q222,P.S. Q222 - Fire Fighter Christopher A. Santora Sc,236,7,3.0%,s,s,s,s
30Q227,I.S. 227 Louis Armstrong,1593,86,5.4%,7,s,s,78
30Q228,The Ivan Lafayette Early Childhood School of the A,254,18,7.1%,s,s,s,18
30Q230,I.S. 230,1162,83,7.1%,6,s,s,77
30Q234,P.S. 234,420,17,4.0%,s,s,s,12
30Q235,Academy for New Americans,96,43,44.8%,s,s,s,41
30Q258,Energy Tech High School,534,9,1.7%,s,s,s,8
30Q280,P.S. 280,562,29,5.2%,s,s,s,29
30Q286,"Young Women's Leadership School, Astoria",606,6,1.0%,s,s,s,6
30Q291,Hunters Point Community Middle School,427,18,4.2%,s,s,s,16
30Q300,The 30th Avenue School (G&T Citywide),540,s,s,s,s,s,s
30Q301,Academy for Careers in Television and Film,576,29,5.0%,s,s,s,24
30Q329,East Elmhurst Community School,459,131,28.5%,s,s,s,127
30Q361,The Woodside Community School,482,45,9.3%,s,s,s,45
30Q384,P.S. 384,159,s,s,s,s,s,s
30Q389,District 30 Pre-K Center,275,10,3.6%,s,s,s,s
30Q398,The Hector Figueroa School,183,8,4.4%,s,s,s,8
30Q444,Home Schooling,547,s,s,s,s,s,s
30Q445,William Cullen Bryant High School,2159,163,7.5%,37,25,12,124
30Q450,Long Island City High School,2142,151,7.0%,51,30,21,95
30Q501,Frank Sinatra School of the Arts High School,887,11,1.2%,s,s,s,9
30Q502,Information Technology High School,940,68,7.2%,s,s,s,63
30Q555,Newcomers High School,754,138,18.3%,s,s,s,136
30Q575,Academy of American Studies,1146,21,1.8%,s,s,s,18
30Q580,Baccalaureate School for Global Education,577,s,s,s,s,s,s
30Q700,Universal Pre-K C.B.O.,1659,50,3.0%,16,s,s,32
31R001,P.S. 001 Tottenville,405,10,2.5%,s,s,s,8
31R002,I.S. R002 George L. Egbert,1000,33,3.3%,s,s,s,30
31R003,P.S. 003 The Margaret Gioiosa School,659,s,s,s,s,s,s
31R004,P.S. 004 Maurice Wollin,748,12,1.6%,s,s,s,11
31R005,P.S. 005 Huguenot,292,9,3.1%,s,s,s,7
31R006,P.S. 6 Corporal Allan F. Kivlehan School,500,s,s,s,s,s,s
31R007,I.S. 007 Elias Bernstein,1203,12,1.0%,s,s,s,11
31R008,P.S. 8 Shirlee Solomon,574,6,1.0%,s,s,s,6
31R009,Naples Street Elementary School,301,s,s,s,s,s,s
31R010,Fort Hill Collaborative Elementary School,214,30,14.0%,13,s,s,15
31R011,P.S. 11 Thomas Dongan School,324,15,4.6%,s,s,s,10
31R013,P.S. 013 M. L. Lindemeyer,846,37,4.4%,6,s,s,27
31R016,P.S. 016 John J. Driscoll,443,57,12.9%,21,s,s,36
31R018,P.S. 018 John G. Whittier,450,70,15.6%,12,s,s,48
31R019,P.S. 019 The Curtis School,538,18,3.3%,7,s,s,11
31R020,P.S. 020 Port Richmond,420,33,7.9%,12,s,s,20
31R021,P.S. 21 Margaret Emery-Elm Park,405,21,5.2%,13,6,7,8
31R022,P.S. 022 Graniteville,870,69,7.9%,11,s,s,52
31R023,P.S. 023 Richmondtown,577,17,2.9%,s,s,s,14
31R024,I.S. 024 Myra S. Barnes,1333,41,3.1%,s,s,s,36
31R026,P.S. 026 The Carteret School,293,s,s,s,s,s,s
31R027,I.S. 027 Anning S. Prall,1078,76,7.1%,15,s,s,56
31R028,The Eagle Academy for Young Men of Staten Island,342,21,6.1%,8,s,s,10
31R029,P.S. 029 Bardwell,645,19,2.9%,s,s,s,14
31R030,P.S. 030 Westerleigh,779,19,2.4%,s,s,s,19
31R031,P.S. 031 William T. Davis,382,34,8.9%,18,11,7,13
31R032,P.S. 032 The Gifford School,664,s,s,s,s,s,s
31R034,I.S. 034 Tottenville,1023,6,0.6%,s,s,s,s
31R035,P.S. 35 The Clove Valley School,431,s,s,s,s,s,s
31R036,P.S. 036 J. C. Drumgoole,841,s,s,s,s,s,s
31R038,P.S. 038 George Cromwell,404,13,3.2%,s,s,s,12
31R039,P.S. 39 Francis J. Murphy Jr.,509,25,4.9%,s,s,s,19
31R041,The Stephanie A. Vierno School,684,8,1.2%,s,s,s,6
31R042,P.S. 042 Eltingville,1065,8,0.8%,s,s,s,8
31R044,P.S. 044 Thomas C. Brown,668,46,6.9%,24,16,8,20
31R045,P.S. 045 John Tyler,851,33,3.9%,12,s,s,20
31R046,P.S. 046 Albert V. Maniscalco,246,11,4.5%,s,s,s,8
31R047,CSI High School for International Studies,507,s,s,s,s,s,s
31R048,P.S. 048 William G. Wilcox,993,13,1.3%,s,s,s,10
31R049,I.S. 49 Berta A. Dreyfus,642,40,6.2%,9,s,s,28
31R050,P.S. 050 Frank Hankinson,727,s,s,s,s,s,s
31R051,I.S. 051 Edwin Markham,1414,92,6.5%,29,12,17,58
31R052,P.S. 052 John C. Thompson,608,26,4.3%,s,s,s,25
31R053,The Barbara Esselborn School,829,14,1.7%,s,s,s,13
31R054,P.S. 054 Charles W. Leng,824,7,0.8%,s,s,s,s
31R055,P.S. 055 Henry M. Boehm,559,s,s,s,s,s,s
31R056,P.S. 56 The Louis Desario School,596,s,s,s,s,s,s
31R057,P.S. 057 Hubert H. Humphrey,620,32,5.2%,7,s,s,20
31R058,Space Shuttle Columbia School,670,31,4.6%,s,s,s,29
31R059,The Harbor View School,307,25,8.1%,s,s,s,21
31R060,P.S. 060 Alice Austen,790,8,1.0%,s,s,s,6
31R061,I.S. 061 William A Morris,1016,76,7.5%,28,17,11,42
31R062,The Kathleen Grimm School for Leadership and Susta,439,s,s,s,s,s,s
31R063,Marsh Avenue School for Expeditionary Learning,461,10,2.2%,s,s,s,8
31R064,Gaynor McCown Expeditionary Learning School,449,11,2.4%,s,s,s,9
31R065,P.S. 65 The Academy of Innovative Learning,406,19,4.7%,6,s,s,7
31R066,The Richmond Pre-K Center,782,10,1.3%,s,s,s,6
31R068,Port Richmond School for Visionary Learning,387,46,11.9%,s,s,s,38
31R069,P.S. 069 Daniel D. Tompkins,893,s,s,s,s,s,s
31R072,I.S. 072 Rocco Laurie,1536,18,1.2%,s,s,s,14
31R074,P.S. 74 Future Leaders Elementary School,276,40,14.5%,27,11,16,12
31R075,I.S. 075 Frank D. Paulo,1455,15,1.0%,s,s,s,15
31R078,P.S. 78,690,63,9.1%,32,22,10,24
31R080,The Michael J. Petrides School,1423,25,1.8%,s,s,s,18
31R440,New Dorp High School,3132,103,3.3%,9,s,s,78
31R444,Home Schooling,994,22,2.2%,11,s,s,8
31R445,Port Richmond High School,1529,110,7.2%,46,8,38,54
31R450,Curtis High School,2462,132,5.4%,41,21,20,73
31R455,Tottenville High School,3730,65,1.7%,s,s,s,59
31R460,Susan E. Wagner High School,3314,86,2.6%,16,6,10,61
31R470,Concord High School,167,13,7.8%,s,s,s,9
31R600,Ralph R. McKee Career and Technical Education High,832,19,2.3%,9,s,s,7
31R605,Staten Island Technical High School,1335,s,s,s,s,s,s
31R700,Universal Pre-K C.B.O.,3466,44,1.3%,7,s,s,33
31R861,Staten Island School of Civic Leadership,883,57,6.5%,6,s,s,47
32K045,P.S./I.S. 045 Horace E. Greene,577,68,11.8%,50,43,7,16
32K075,P.S. 075 Mayda Cortiella,264,47,17.8%,10,s,s,37
32K086,P.S. 086 The Irvington,412,105,25.5%,s,s,s,104
32K106,P.S. 106 Edward Everett Hale,361,56,15.5%,17,9,8,35
32K116,P.S. 116 Elizabeth L Farrell,373,101,27.1%,s,s,s,95
32K123,P.S. 123 Suydam,598,107,17.9%,68,55,13,39
32K145,P.S. 145 Andrew Jackson,492,130,26.4%,28,22,6,101
32K151,P.S. 151 Lyndon B. Johnson,336,109,32.4%,13,7,6,93
32K162,J.H.S. 162 The Willoughby,348,72,20.7%,25,19,6,40
32K168,The Brooklyn School for Math and Research,382,35,9.2%,8,s,s,25
32K274,P.S. 274 Kosciusko,381,125,32.8%,39,s,s,86
32K291,J.H.S. 291 Roland Hayes,329,81,24.6%,12,s,s,68
32K299,P.S. 299 Thomas Warren Field,201,53,26.4%,20,s,s,33
32K347,I.S. 347 School of Humanities,271,38,14.0%,12,s,s,26
32K349,"I.S. 349 Math, Science & Tech.",289,47,16.3%,15,s,s,32
32K376,P.S. 376,486,57,11.7%,7,s,s,50
32K377,P.S. 377 Alejandrina B. De Gautier,154,8,5.2%,s,s,s,s
32K383,J.H.S. 383 Philippa Schuyler,891,53,5.9%,11,s,s,41
32K384,P.S. /I.S. 384 Frances E. Carter,420,31,7.4%,10,s,s,21
32K403,Academy for Excellence in Leadership,281,61,21.7%,15,9,6,43
32K444,Home Schooling,83,14,16.9%,8,s,s,6
32K545,EBC High School for Public Service - Bushwick,468,45,9.6%,12,s,s,33
32K549,The Brooklyn School for Social Justice,343,55,16.0%,16,s,s,38
32K552,The Academy of Urban Planning and Engineering,374,55,14.7%,14,7,7,36
32K554,All City Leadership Secondary School,432,17,3.9%,s,s,s,13
32K556,Bushwick Leaders High School for Academic Excellen,371,61,16.4%,17,9,8,40
32K562,Evergreen Middle School for Urban Exploration,375,77,20.5%,23,16,7,51
32K564,Bushwick Community High School,148,9,6.1%,s,s,s,s
32K700,Universal Pre-K C.B.O.,1446,26,1.8%,17,s,s,8
75K004,P.S. K004,414,25,6.0%,13,s,s,6
75K036,P.S. 36,393,57,14.5%,34,23,11,7
75K053,P.S. K053,444,18,4.1%,13,s,s,s
75K077,P.S. K077,290,7,2.4%,s,s,s,s
75K140,P.S. K140,357,78,21.8%,44,18,26,15
75K141,P.S. K141,393,27,6.9%,16,10,6,9
75K231,P.S. K231,309,s,s,s,s,s,s
75K368,P.S. 368,257,35,13.6%,12,s,s,17
75K369,P.S. K369 - Coy L. Cox School,523,36,6.9%,17,9,8,14
75K370,P.S. 370,244,12,4.9%,s,s,s,6
75K371,P.S. 371 - Lillian L. Rashkis,223,14,6.3%,7,s,s,s
75K372,P.S. 372 -The Children's School,196,s,s,s,s,s,s
75K373,P.S. 373 - Brooklyn Transition Center,499,33,6.6%,20,s,s,9
75K396,P.S. K396,509,70,13.8%,34,24,10,30
75K403,Hospital Schools - Brooklyn,14,s,s,s,s,s,s
75K444,Home Schooling,40,s,s,s,s,s,s
75K503,Home Instruction - Brooklyn,59,s,s,s,s,s,s
75K721,P.S. K721 - Brooklyn Occupational Training Center,491,27,5.5%,13,s,s,10
75K753,P.S. K753 - School for Career Development,347,48,13.8%,34,21,13,s
75K771,P.S. K771,481,14,2.9%,8,s,s,s
75K811,P.S. K811 Connie Lekas School,337,21,6.2%,15,6,9,6
75M035,P.S. 035,354,62,17.5%,36,25,11,10
75M079,P.S. M079 - Horan School,280,26,9.3%,16,s,s,7
75M094,P.S. M094,418,42,10.0%,23,12,11,10
75M138,P.S. 138,672,64,9.5%,33,s,s,31
75M169,P.S. M169 - Robert F. Kennedy,354,55,15.5%,37,28,9,16
75M226,P.S. M226,282,35,12.4%,11,s,s,22
75M401,Hospital Schools,75,13,17.3%,s,s,s,s
75M444,Home Schooling,23,s,s,s,s,s,s
75M501,Home Instruction,48,9,18.8%,s,s,s,s
75M721,P.S. M721 - Manhattan Occupational Training Center,201,23,11.4%,13,s,s,9
75M751,Manhattan School for Career Development,245,32,13.1%,18,9,9,11
75M811,P.S. M811 - Mickey Mantle School,434,91,21.0%,35,23,12,49
75Q004,P.S. Q004,462,31,6.7%,11,s,s,10
75Q009,P.S. 009,648,60,9.3%,38,22,16,18
75Q023,P.S. Q023 @ Queens Children Center,490,22,4.5%,8,s,s,8
75Q075,Robert E. Peary School,606,54,8.9%,27,21,6,19
75Q177,P.S. Q177,504,11,2.2%,s,s,s,s
75Q224,P.S. Q224,422,17,4.0%,7,s,s,9
75Q233,P.S. Q233,562,14,2.5%,9,s,s,s
75Q255,P.S. Q255,469,10,2.1%,7,s,s,s
75Q256,P.S. Q256,674,50,7.4%,28,17,11,10
75Q277,The Riverview School,690,45,6.5%,19,8,11,25
75Q404,Hospital Schools - Queens,2,s,s,s,s,s,s
75Q444,Home Schooling,35,s,s,s,s,s,s
75Q504,Home Instruction - Queen,42,s,s,s,s,s,s
75Q721,John F. Kennedy Jr. School,501,22,4.4%,7,s,s,13
75Q752,Queens Transition Center,444,52,11.7%,33,16,17,12
75Q811,P.S. Q811,448,19,4.2%,8,s,s,9
75Q993,P.S. Q993,621,24,3.9%,11,s,s,7
75R025,South Richmond High School I.S./P.S. 25,615,31,5.0%,20,7,13,9
75R037,The David Marquis School of the Arts,478,9,1.9%,s,s,s,6
75R373,P.S. R373,627,25,4.0%,13,s,s,10
75R405,Hospital Schools - Staten Island,3,s,s,s,s,s,s
75R444,Home Schooling,21,s,s,s,s,s,s
75R505,Home Instruction - S.I.,8,s,s,s,s,s,s
75R721,The Richard H. Hungerford School,436,14,3.2%,s,s,s,8
75X010,P.S. X010,652,63,9.7%,36,24,12,21
75X012,P.S. X012 Lewis and Clark School,311,40,12.9%,24,8,16,10
75X017,P.S. X017,550,55,10.0%,42,25,17,9
75X168,P.S. 168,519,62,11.9%,28,17,11,25
75X176,P.S. X176,552,23,4.2%,15,s,s,7
75X186,P186X Walter J. Damrosch School,736,108,14.7%,65,49,16,24
75X188,P.S. X188,572,72,12.6%,37,20,17,29
75X352,The Vida Bogart School for All Children,565,68,12.0%,47,27,20,15
75X402,Hospital Schools - Bronx,14,s,s,s,s,s,s
75X444,Home Schooling,39,s,s,s,s,s,s
75X469,P469X - The Bronx School for Continuous Learners,547,81,14.8%,47,31,16,28
75X502,Home Instruction - Bronx,47,s,s,s,s,s,s
75X596,P.S. X596,412,19,4.6%,11,s,s,6
75X721,P.S. X721 - Stephen McSweeney School,585,63,10.8%,31,13,18,24
75X723,P.S. 723,486,93,19.1%,45,25,20,24
75X754,J. M. Rapport School Career Development,505,96,19.0%,62,32,30,15
75X811,P.S. X811,649,59,9.1%,31,13,18,25
79K925,YABC Programs - Brooklyn and Queens,1234,98,7.9%,36,12,24,52
79M379,"YABC Programs ? Manhattan, Bronx, Staten Island",1061,126,11.9%,71,26,45,47
79M645,School for Cooperative Technical Education,708,49,6.9%,14,6,8,27
79M921,District 79 Youth Justice and Treatment Programs,154,27,17.5%,10,s,s,8
79M973,Restart Academy,669,398,59.5%,24,15,9,10
79Q344,East River Academy,469,67,14.3%,27,s,s,12
79Q950,Pathways to Graduation,5641,693,12.3%,304,122,182,225
79X695,Passages Academy,246,45,18.3%,24,10,14,8
