Geographic Subdivision,Student Category,Performance Level,Percentage
BRONX,Asian,Pct Level 1,16.1
BRONX,Black,Pct Level 1,33.6
BRONX,Hispanic,Pct Level 1,34.4
BRONX,Multi-Racial,Pct Level 1,27.4
BRONX,Native American,Pct Level 1,28.6
BRONX,White,Pct Level 1,21.7
BRONX,Asian,Pct Level 1,16.3
BRONX,Black,Pct Level 1,34.3
BRONX,Hispanic,Pct Level 1,35.6
BRONX,Multi-Racial,Pct Level 1,20.1
BRONX,Native American,Pct Level 1,29.3
BRONX,White,Pct Level 1,22.9
BRONX,Asian,Pct Level 1,19.3
BRONX,Black,Pct Level 1,35.3
BRONX,Hispanic,Pct Level 1,36.0
BRONX,Multi-Racial,Pct Level 1,23.8
BRONX,Native American,Pct Level 1,30.9
BRONX,White,Pct Level 1,25.4
BRONX,Asian,Pct Level 1,19.3
BRONX,Black,Pct Level 1,33.5
BRONX,Hispanic,Pct Level 1,35.2
BRONX,Multi-Racial,Pct Level 1,21.3
BRONX,Native American,Pct Level 1,30.4
BRONX,White,Pct Level 1,24.9
BRONX,Asian,Pct Level 1,20.0
BRONX,Black,Pct Level 1,35.9
BRONX,Hispanic,Pct Level 1,38.0
BRONX,Multi-Racial,Pct Level 1,33.7
BRONX,Native American,Pct Level 1,29.2
BRONX,White,Pct Level 1,23.3
BRONX,Asian,Pct Level 1,20.8
BRONX,Black,Pct Level 1,37.9
BRONX,Hispanic,Pct Level 1,39.8
BRONX,Multi-Racial,Pct Level 1,31.9
BRONX,Native American,Pct Level 1,32.5
BRONX,White,Pct Level 1,24.9
BRONX,Asian,Pct Level 1,22.7
BRONX,Black,Pct Level 1,47.4
BRONX,Hispanic,Pct Level 1,47.9
BRONX,Multi-Racial,Pct Level 1,29.0
BRONX,Native American,Pct Level 1,39.9
BRONX,White,Pct Level 1,30.1
BRONX,Asian,Pct Level 1,25.9
BRONX,Black,Pct Level 1,48.2
BRONX,Hispanic,Pct Level 1,49.3
BRONX,Multi-Racial,Pct Level 1,35.2
BRONX,Native American,Pct Level 1,42.6
BRONX,White,Pct Level 1,29.5
BRONX,Asian,Pct Level 1,25.7
BRONX,Black,Pct Level 1,50.9
BRONX,Hispanic,Pct Level 1,51.4
BRONX,Multi-Racial,Pct Level 1,47.8
BRONX,Native American,Pct Level 1,42.4
BRONX,White,Pct Level 1,31.0
BROOKLYN,Asian,Pct Level 1,12.0
BROOKLYN,Black,Pct Level 1,26.1
BROOKLYN,Hispanic,Pct Level 1,28.4
BROOKLYN,Multi-Racial,Pct Level 1,9.0
BROOKLYN,Native American,Pct Level 1,26.7
BROOKLYN,White,Pct Level 1,12.5
BROOKLYN,Asian,Pct Level 1,10.7
BROOKLYN,Black,Pct Level 1,27.2
BROOKLYN,Hispanic,Pct Level 1,27.9
BROOKLYN,Multi-Racial,Pct Level 1,7.8
BROOKLYN,Native American,Pct Level 1,26.2
BROOKLYN,White,Pct Level 1,11.1
BROOKLYN,Asian,Pct Level 1,14.2
BROOKLYN,Black,Pct Level 1,30.4
BROOKLYN,Hispanic,Pct Level 1,30.1
BROOKLYN,Multi-Racial,Pct Level 1,9.9
BROOKLYN,Native American,Pct Level 1,26.2
BROOKLYN,White,Pct Level 1,13.3
BROOKLYN,Asian,Pct Level 1,14.7
BROOKLYN,Black,Pct Level 1,28.8
BROOKLYN,Hispanic,Pct Level 1,28.7
BROOKLYN,Multi-Racial,Pct Level 1,10.0
BROOKLYN,Native American,Pct Level 1,27.0
BROOKLYN,White,Pct Level 1,12.6
BROOKLYN,Asian,Pct Level 1,16.5
BROOKLYN,Black,Pct Level 1,30.7
BROOKLYN,Hispanic,Pct Level 1,32.3
BROOKLYN,Multi-Racial,Pct Level 1,11.6
BROOKLYN,Native American,Pct Level 1,29.1
BROOKLYN,White,Pct Level 1,14.1
BROOKLYN,Asian,Pct Level 1,16.9
BROOKLYN,Black,Pct Level 1,31.7
BROOKLYN,Hispanic,Pct Level 1,33.4
BROOKLYN,Multi-Racial,Pct Level 1,13.0
BROOKLYN,Native American,Pct Level 1,31.6
BROOKLYN,White,Pct Level 1,13.9
BROOKLYN,Asian,Pct Level 1,20.6
BROOKLYN,Black,Pct Level 1,40.7
BROOKLYN,Hispanic,Pct Level 1,40.3
BROOKLYN,Multi-Racial,Pct Level 1,14.8
BROOKLYN,Native American,Pct Level 1,38.2
BROOKLYN,White,Pct Level 1,17.3
BROOKLYN,Asian,Pct Level 1,21.6
BROOKLYN,Black,Pct Level 1,40.7
BROOKLYN,Hispanic,Pct Level 1,41.0
BROOKLYN,Multi-Racial,Pct Level 1,17.0
BROOKLYN,Native American,Pct Level 1,36.5
BROOKLYN,White,Pct Level 1,17.4
BROOKLYN,Asian,Pct Level 1,22.4
BROOKLYN,Black,Pct Level 1,43.4
BROOKLYN,Hispanic,Pct Level 1,44.4
BROOKLYN,Multi-Racial,Pct Level 1,19.1
BROOKLYN,Native American,Pct Level 1,40.6
BROOKLYN,White,Pct Level 1,19.5
MANHATTAN,Asian,Pct Level 1,5.7
MANHATTAN,Black,Pct Level 1,31.9
MANHATTAN,Hispanic,Pct Level 1,26.9
MANHATTAN,Multi-Racial,Pct Level 1,5.9
MANHATTAN,Native American,Pct Level 1,25.9
MANHATTAN,White,Pct Level 1,4.6
MANHATTAN,Asian,Pct Level 1,5.7
MANHATTAN,Black,Pct Level 1,32.8
MANHATTAN,Hispanic,Pct Level 1,26.8
MANHATTAN,Multi-Racial,Pct Level 1,3.8
MANHATTAN,Native American,Pct Level 1,28.7
MANHATTAN,White,Pct Level 1,4.4
MANHATTAN,Asian,Pct Level 1,6.9
MANHATTAN,Black,Pct Level 1,32.3
MANHATTAN,Hispanic,Pct Level 1,28.1
MANHATTAN,Multi-Racial,Pct Level 1,4.5
MANHATTAN,Native American,Pct Level 1,27.5
MANHATTAN,White,Pct Level 1,4.6
MANHATTAN,Asian,Pct Level 1,7.2
MANHATTAN,Black,Pct Level 1,31.6
MANHATTAN,Hispanic,Pct Level 1,27.1
MANHATTAN,Multi-Racial,Pct Level 1,3.0
MANHATTAN,Native American,Pct Level 1,29.3
MANHATTAN,White,Pct Level 1,4.4
MANHATTAN,Asian,Pct Level 1,7.8
MANHATTAN,Black,Pct Level 1,33.1
MANHATTAN,Hispanic,Pct Level 1,30.3
MANHATTAN,Multi-Racial,Pct Level 1,4.2
MANHATTAN,Native American,Pct Level 1,23.5
MANHATTAN,White,Pct Level 1,4.3
MANHATTAN,Asian,Pct Level 1,9.7
MANHATTAN,Black,Pct Level 1,35.7
MANHATTAN,Hispanic,Pct Level 1,33.6
MANHATTAN,Multi-Racial,Pct Level 1,6.5
MANHATTAN,Native American,Pct Level 1,25.9
MANHATTAN,White,Pct Level 1,6.2
MANHATTAN,Asian,Pct Level 1,11.6
MANHATTAN,Black,Pct Level 1,42.5
MANHATTAN,Hispanic,Pct Level 1,41.0
MANHATTAN,Multi-Racial,Pct Level 1,6.3
MANHATTAN,Native American,Pct Level 1,32.0
MANHATTAN,White,Pct Level 1,7.5
MANHATTAN,Asian,Pct Level 1,12.9
MANHATTAN,Black,Pct Level 1,44.0
MANHATTAN,Hispanic,Pct Level 1,42.2
MANHATTAN,Multi-Racial,Pct Level 1,8.7
MANHATTAN,Native American,Pct Level 1,36.3
MANHATTAN,White,Pct Level 1,8.2
MANHATTAN,Asian,Pct Level 1,13.5
MANHATTAN,Black,Pct Level 1,46.0
MANHATTAN,Hispanic,Pct Level 1,44.4
MANHATTAN,Multi-Racial,Pct Level 1,9.3
MANHATTAN,Native American,Pct Level 1,35.3
MANHATTAN,White,Pct Level 1,9.0
QUEENS,Asian,Pct Level 1,9.5
QUEENS,Black,Pct Level 1,25.8
QUEENS,Hispanic,Pct Level 1,29.2
QUEENS,Multi-Racial,Pct Level 1,10.0
QUEENS,Native American,Pct Level 1,18.8
QUEENS,White,Pct Level 1,12.2
QUEENS,Asian,Pct Level 1,8.8
QUEENS,Black,Pct Level 1,27.1
QUEENS,Hispanic,Pct Level 1,25.6
QUEENS,Multi-Racial,Pct Level 1,8.8
QUEENS,Native American,Pct Level 1,19.6
QUEENS,White,Pct Level 1,12.5
QUEENS,Asian,Pct Level 1,11.0
QUEENS,Black,Pct Level 1,29.4
QUEENS,Hispanic,Pct Level 1,27.1
QUEENS,Multi-Racial,Pct Level 1,12.3
QUEENS,Native American,Pct Level 1,22.4
QUEENS,White,Pct Level 1,13.6
QUEENS,Asian,Pct Level 1,10.4
QUEENS,Black,Pct Level 1,27.9
QUEENS,Hispanic,Pct Level 1,24.8
QUEENS,Multi-Racial,Pct Level 1,12.5
QUEENS,Native American,Pct Level 1,21.6
QUEENS,White,Pct Level 1,12.3
QUEENS,Asian,Pct Level 1,11.4
QUEENS,Black,Pct Level 1,29.8
QUEENS,Hispanic,Pct Level 1,27.8
QUEENS,Multi-Racial,Pct Level 1,13.6
QUEENS,Native American,Pct Level 1,23.7
QUEENS,White,Pct Level 1,14.0
QUEENS,Asian,Pct Level 1,11.6
QUEENS,Black,Pct Level 1,29.8
QUEENS,Hispanic,Pct Level 1,27.7
QUEENS,Multi-Racial,Pct Level 1,13.0
QUEENS,Native American,Pct Level 1,23.4
QUEENS,White,Pct Level 1,14.2
QUEENS,Asian,Pct Level 1,14.9
QUEENS,Black,Pct Level 1,38.8
QUEENS,Hispanic,Pct Level 1,34.5
QUEENS,Multi-Racial,Pct Level 1,16.7
QUEENS,Native American,Pct Level 1,28.3
QUEENS,White,Pct Level 1,18.6
QUEENS,Asian,Pct Level 1,16.4
QUEENS,Black,Pct Level 1,39.6
QUEENS,Hispanic,Pct Level 1,35.3
QUEENS,Multi-Racial,Pct Level 1,17.8
QUEENS,Native American,Pct Level 1,30.3
QUEENS,White,Pct Level 1,18.9
QUEENS,Asian,Pct Level 1,16.5
QUEENS,Black,Pct Level 1,41.7
QUEENS,Hispanic,Pct Level 1,36.5
QUEENS,Multi-Racial,Pct Level 1,18.9
QUEENS,Native American,Pct Level 1,33.2
QUEENS,White,Pct Level 1,19.3
STATEN ISLAND,Asian,Pct Level 1,7.7
STATEN ISLAND,Black,Pct Level 1,34.7
STATEN ISLAND,Hispanic,Pct Level 1,26.3
STATEN ISLAND,Multi-Racial,Pct Level 1,17.7
STATEN ISLAND,Native American,Pct Level 1,26.5
STATEN ISLAND,White,Pct Level 1,10.6
STATEN ISLAND,Asian,Pct Level 1,7.3
STATEN ISLAND,Black,Pct Level 1,36.3
STATEN ISLAND,Hispanic,Pct Level 1,26.6
STATEN ISLAND,Multi-Racial,Pct Level 1,15.2
STATEN ISLAND,Native American,Pct Level 1,24.0
STATEN ISLAND,White,Pct Level 1,10.3
STATEN ISLAND,Asian,Pct Level 1,9.6
STATEN ISLAND,Black,Pct Level 1,35.3
STATEN ISLAND,Hispanic,Pct Level 1,28.0
STATEN ISLAND,Multi-Racial,Pct Level 1,16.2
STATEN ISLAND,Native American,Pct Level 1,24.3
STATEN ISLAND,White,Pct Level 1,12.1
STATEN ISLAND,Asian,Pct Level 1,8.5
STATEN ISLAND,Black,Pct Level 1,33.4
STATEN ISLAND,Hispanic,Pct Level 1,25.3
STATEN ISLAND,Multi-Racial,Pct Level 1,16.1
STATEN ISLAND,Native American,Pct Level 1,28.1
STATEN ISLAND,White,Pct Level 1,10.5
STATEN ISLAND,Asian,Pct Level 1,10.0
STATEN ISLAND,Black,Pct Level 1,36.7
STATEN ISLAND,Hispanic,Pct Level 1,28.4
STATEN ISLAND,Multi-Racial,Pct Level 1,19.5
STATEN ISLAND,Native American,Pct Level 1,31.6
STATEN ISLAND,White,Pct Level 1,12.4
STATEN ISLAND,Asian,Pct Level 1,8.6
STATEN ISLAND,Black,Pct Level 1,38.2
STATEN ISLAND,Hispanic,Pct Level 1,30.9
STATEN ISLAND,Multi-Racial,Pct Level 1,21.2
STATEN ISLAND,Native American,Pct Level 1,20.2
STATEN ISLAND,White,Pct Level 1,13.7
STATEN ISLAND,Asian,Pct Level 1,11.4
STATEN ISLAND,Black,Pct Level 1,44.1
STATEN ISLAND,Hispanic,Pct Level 1,37.2
STATEN ISLAND,Multi-Racial,Pct Level 1,23.0
STATEN ISLAND,Native American,Pct Level 1,23.7
STATEN ISLAND,White,Pct Level 1,17.8
STATEN ISLAND,Asian,Pct Level 1,12.6
STATEN ISLAND,Black,Pct Level 1,45.7
STATEN ISLAND,Hispanic,Pct Level 1,38.6
STATEN ISLAND,Multi-Racial,Pct Level 1,21.5
STATEN ISLAND,Native American,Pct Level 1,31.1
STATEN ISLAND,White,Pct Level 1,18.2
STATEN ISLAND,Asian,Pct Level 1,13.1
STATEN ISLAND,Black,Pct Level 1,51.0
STATEN ISLAND,Hispanic,Pct Level 1,41.6
STATEN ISLAND,Multi-Racial,Pct Level 1,24.3
STATEN ISLAND,Native American,Pct Level 1,30.8
STATEN ISLAND,White,Pct Level 1,20.0
BRONX,Asian,Pct Level 1,15.9
BRONX,Black,Pct Level 1,40.7
BRONX,Hispanic,Pct Level 1,39.0
BRONX,Multi-Racial,Pct Level 1,26.9
BRONX,Native American,Pct Level 1,33.5
BRONX,White,Pct Level 1,22.4
BRONX,Asian,Pct Level 1,25.9
BRONX,Black,Pct Level 1,59.0
BRONX,Hispanic,Pct Level 1,56.3
BRONX,Multi-Racial,Pct Level 1,37.4
BRONX,Native American,Pct Level 1,48.9
BRONX,White,Pct Level 1,36.1
BRONX,Asian,Pct Level 1,18.9
BRONX,Black,Pct Level 1,46.8
BRONX,Hispanic,Pct Level 1,43.8
BRONX,Multi-Racial,Pct Level 1,31.4
BRONX,Native American,Pct Level 1,36.4
BRONX,White,Pct Level 1,26.1
BRONX,Asian,Pct Level 1,21.4
BRONX,Black,Pct Level 1,49.7
BRONX,Hispanic,Pct Level 1,47.6
BRONX,Multi-Racial,Pct Level 1,33.3
BRONX,Native American,Pct Level 1,41.6
BRONX,White,Pct Level 1,29.9
BRONX,Asian,Pct Level 1,22.7
BRONX,Black,Pct Level 1,50.5
BRONX,Hispanic,Pct Level 1,48.8
BRONX,Multi-Racial,Pct Level 1,36.0
BRONX,Native American,Pct Level 1,39.4
BRONX,White,Pct Level 1,28.9
BRONX,Asian,Pct Level 1,21.1
BRONX,Black,Pct Level 1,48.8
BRONX,Hispanic,Pct Level 1,47.5
BRONX,Multi-Racial,Pct Level 1,38.8
BRONX,Native American,Pct Level 1,40.6
BRONX,White,Pct Level 1,27.1
BRONX,Asian,Pct Level 1,19.2
BRONX,Black,Pct Level 1,49.7
BRONX,Hispanic,Pct Level 1,48.5
BRONX,Multi-Racial,Pct Level 1,31.0
BRONX,Native American,Pct Level 1,38.2
BRONX,White,Pct Level 1,27.1
BRONX,Asian,Pct Level 1,21.5
BRONX,Black,Pct Level 1,49.3
BRONX,Hispanic,Pct Level 1,48.4
BRONX,Multi-Racial,Pct Level 1,43.8
BRONX,Native American,Pct Level 1,40.0
BRONX,White,Pct Level 1,29.2
BRONX,Asian,Pct Level 1,23.2
BRONX,Black,Pct Level 1,54.3
BRONX,Hispanic,Pct Level 1,52.3
BRONX,Multi-Racial,Pct Level 1,46.8
BRONX,Native American,Pct Level 1,46.4
BRONX,White,Pct Level 1,29.0
BROOKLYN,Asian,Pct Level 1,8.6
BROOKLYN,Black,Pct Level 1,33.2
BROOKLYN,Hispanic,Pct Level 1,32.7
BROOKLYN,Multi-Racial,Pct Level 1,11.3
BROOKLYN,Native American,Pct Level 1,30.9
BROOKLYN,White,Pct Level 1,12.3
BROOKLYN,Asian,Pct Level 1,14.2
BROOKLYN,Black,Pct Level 1,51.1
BROOKLYN,Hispanic,Pct Level 1,48.6
BROOKLYN,Multi-Racial,Pct Level 1,17.7
BROOKLYN,Native American,Pct Level 1,48.3
BROOKLYN,White,Pct Level 1,19.5
BROOKLYN,Asian,Pct Level 1,10.2
BROOKLYN,Black,Pct Level 1,41.0
BROOKLYN,Hispanic,Pct Level 1,37.6
BROOKLYN,Multi-Racial,Pct Level 1,13.1
BROOKLYN,Native American,Pct Level 1,33.4
BROOKLYN,White,Pct Level 1,13.5
BROOKLYN,Asian,Pct Level 1,11.6
BROOKLYN,Black,Pct Level 1,43.0
BROOKLYN,Hispanic,Pct Level 1,39.5
BROOKLYN,Multi-Racial,Pct Level 1,14.3
BROOKLYN,Native American,Pct Level 1,39.6
BROOKLYN,White,Pct Level 1,15.2
BROOKLYN,Asian,Pct Level 1,11.5
BROOKLYN,Black,Pct Level 1,44.5
BROOKLYN,Hispanic,Pct Level 1,41.4
BROOKLYN,Multi-Racial,Pct Level 1,15.7
BROOKLYN,Native American,Pct Level 1,42.6
BROOKLYN,White,Pct Level 1,15.8
BROOKLYN,Asian,Pct Level 1,11.3
BROOKLYN,Black,Pct Level 1,43.7
BROOKLYN,Hispanic,Pct Level 1,40.1
BROOKLYN,Multi-Racial,Pct Level 1,15.7
BROOKLYN,Native American,Pct Level 1,38.0
BROOKLYN,White,Pct Level 1,15.1
BROOKLYN,Asian,Pct Level 1,11.3
BROOKLYN,Black,Pct Level 1,45.7
BROOKLYN,Hispanic,Pct Level 1,40.4
BROOKLYN,Multi-Racial,Pct Level 1,16.6
BROOKLYN,Native American,Pct Level 1,37.0
BROOKLYN,White,Pct Level 1,14.8
BROOKLYN,Asian,Pct Level 1,11.6
BROOKLYN,Black,Pct Level 1,46.1
BROOKLYN,Hispanic,Pct Level 1,40.6
BROOKLYN,Multi-Racial,Pct Level 1,15.2
BROOKLYN,Native American,Pct Level 1,42.2
BROOKLYN,White,Pct Level 1,14.7
BROOKLYN,Asian,Pct Level 1,13.6
BROOKLYN,Black,Pct Level 1,48.8
BROOKLYN,Hispanic,Pct Level 1,44.5
BROOKLYN,Multi-Racial,Pct Level 1,21.5
BROOKLYN,Native American,Pct Level 1,39.8
BROOKLYN,White,Pct Level 1,18.0
MANHATTAN,Asian,Pct Level 1,3.4
MANHATTAN,Black,Pct Level 1,41.6
MANHATTAN,Hispanic,Pct Level 1,34.3
MANHATTAN,Multi-Racial,Pct Level 1,5.6
MANHATTAN,Native American,Pct Level 1,32.9
MANHATTAN,White,Pct Level 1,4.9
MANHATTAN,Asian,Pct Level 1,6.7
MANHATTAN,Black,Pct Level 1,60.5
MANHATTAN,Hispanic,Pct Level 1,46.7
MANHATTAN,Multi-Racial,Pct Level 1,8.9
MANHATTAN,Native American,Pct Level 1,46.5
MANHATTAN,White,Pct Level 1,8.8
MANHATTAN,Asian,Pct Level 1,5.2
MANHATTAN,Black,Pct Level 1,46.1
MANHATTAN,Hispanic,Pct Level 1,35.9
MANHATTAN,Multi-Racial,Pct Level 1,6.1
MANHATTAN,Native American,Pct Level 1,37.2
MANHATTAN,White,Pct Level 1,6.0
MANHATTAN,Asian,Pct Level 1,5.9
MANHATTAN,Black,Pct Level 1,51.0
MANHATTAN,Hispanic,Pct Level 1,39.2
MANHATTAN,Multi-Racial,Pct Level 1,6.6
MANHATTAN,Native American,Pct Level 1,46.7
MANHATTAN,White,Pct Level 1,7.4
MANHATTAN,Asian,Pct Level 1,6.3
MANHATTAN,Black,Pct Level 1,50.6
MANHATTAN,Hispanic,Pct Level 1,40.4
MANHATTAN,Multi-Racial,Pct Level 1,6.6
MANHATTAN,Native American,Pct Level 1,38.4
MANHATTAN,White,Pct Level 1,6.7
MANHATTAN,Asian,Pct Level 1,6.6
MANHATTAN,Black,Pct Level 1,48.8
MANHATTAN,Hispanic,Pct Level 1,40.8
MANHATTAN,Multi-Racial,Pct Level 1,8.0
MANHATTAN,Native American,Pct Level 1,33.3
MANHATTAN,White,Pct Level 1,7.6
MANHATTAN,Asian,Pct Level 1,6.3
MANHATTAN,Black,Pct Level 1,48.3
MANHATTAN,Hispanic,Pct Level 1,41.3
MANHATTAN,Multi-Racial,Pct Level 1,7.4
MANHATTAN,Native American,Pct Level 1,32.5
MANHATTAN,White,Pct Level 1,7.1
MANHATTAN,Asian,Pct Level 1,6.1
MANHATTAN,Black,Pct Level 1,48.6
MANHATTAN,Hispanic,Pct Level 1,41.5
MANHATTAN,Multi-Racial,Pct Level 1,8.9
MANHATTAN,Native American,Pct Level 1,35.4
MANHATTAN,White,Pct Level 1,7.9
MANHATTAN,Asian,Pct Level 1,7.0
MANHATTAN,Black,Pct Level 1,51.4
MANHATTAN,Hispanic,Pct Level 1,45.0
MANHATTAN,Multi-Racial,Pct Level 1,11.5
MANHATTAN,Native American,Pct Level 1,35.0
MANHATTAN,White,Pct Level 1,9.5
QUEENS,Asian,Pct Level 1,7.9
QUEENS,Black,Pct Level 1,34.0
QUEENS,Hispanic,Pct Level 1,32.2
QUEENS,Multi-Racial,Pct Level 1,11.5
QUEENS,Native American,Pct Level 1,20.7
QUEENS,White,Pct Level 1,12.1
QUEENS,Asian,Pct Level 1,13.5
QUEENS,Black,Pct Level 1,50.5
QUEENS,Hispanic,Pct Level 1,46.1
QUEENS,Multi-Racial,Pct Level 1,18.0
QUEENS,Native American,Pct Level 1,34.2
QUEENS,White,Pct Level 1,20.6
QUEENS,Asian,Pct Level 1,9.6
QUEENS,Black,Pct Level 1,40.7
QUEENS,Hispanic,Pct Level 1,32.6
QUEENS,Multi-Racial,Pct Level 1,15.5
QUEENS,Native American,Pct Level 1,28.4
QUEENS,White,Pct Level 1,15.0
QUEENS,Asian,Pct Level 1,10.5
QUEENS,Black,Pct Level 1,44.3
QUEENS,Hispanic,Pct Level 1,34.5
QUEENS,Multi-Racial,Pct Level 1,16.9
QUEENS,Native American,Pct Level 1,29.6
QUEENS,White,Pct Level 1,16.5
QUEENS,Asian,Pct Level 1,11.0
QUEENS,Black,Pct Level 1,44.9
QUEENS,Hispanic,Pct Level 1,34.2
QUEENS,Multi-Racial,Pct Level 1,16.6
QUEENS,Native American,Pct Level 1,31.8
QUEENS,White,Pct Level 1,16.5
QUEENS,Asian,Pct Level 1,10.4
QUEENS,Black,Pct Level 1,43.7
QUEENS,Hispanic,Pct Level 1,31.9
QUEENS,Multi-Racial,Pct Level 1,16.2
QUEENS,Native American,Pct Level 1,30.2
QUEENS,White,Pct Level 1,15.8
QUEENS,Asian,Pct Level 1,10.5
QUEENS,Black,Pct Level 1,44.4
QUEENS,Hispanic,Pct Level 1,31.9
QUEENS,Multi-Racial,Pct Level 1,15.2
QUEENS,Native American,Pct Level 1,28.1
QUEENS,White,Pct Level 1,15.7
QUEENS,Asian,Pct Level 1,10.7
QUEENS,Black,Pct Level 1,43.6
QUEENS,Hispanic,Pct Level 1,32.1
QUEENS,Multi-Racial,Pct Level 1,15.8
QUEENS,Native American,Pct Level 1,26.3
QUEENS,White,Pct Level 1,16.4
QUEENS,Asian,Pct Level 1,12.1
QUEENS,Black,Pct Level 1,47.9
QUEENS,Hispanic,Pct Level 1,35.4
QUEENS,Multi-Racial,Pct Level 1,15.8
QUEENS,Native American,Pct Level 1,32.8
QUEENS,White,Pct Level 1,18.2
STATEN ISLAND,Asian,Pct Level 1,6.2
STATEN ISLAND,Black,Pct Level 1,45.4
STATEN ISLAND,Hispanic,Pct Level 1,31.7
STATEN ISLAND,Multi-Racial,Pct Level 1,22.2
STATEN ISLAND,Native American,Pct Level 1,30.9
STATEN ISLAND,White,Pct Level 1,11.1
STATEN ISLAND,Asian,Pct Level 1,12.4
STATEN ISLAND,Black,Pct Level 1,59.2
STATEN ISLAND,Hispanic,Pct Level 1,47.4
STATEN ISLAND,Multi-Racial,Pct Level 1,33.8
STATEN ISLAND,Native American,Pct Level 1,44.1
STATEN ISLAND,White,Pct Level 1,19.7
STATEN ISLAND,Asian,Pct Level 1,9.1
STATEN ISLAND,Black,Pct Level 1,49.0
STATEN ISLAND,Hispanic,Pct Level 1,37.0
STATEN ISLAND,Multi-Racial,Pct Level 1,24.2
STATEN ISLAND,Native American,Pct Level 1,26.0
STATEN ISLAND,White,Pct Level 1,15.8
STATEN ISLAND,Asian,Pct Level 1,9.9
STATEN ISLAND,Black,Pct Level 1,50.9
STATEN ISLAND,Hispanic,Pct Level 1,39.4
STATEN ISLAND,Multi-Racial,Pct Level 1,24.4
STATEN ISLAND,Native American,Pct Level 1,36.6
STATEN ISLAND,White,Pct Level 1,17.5
STATEN ISLAND,Asian,Pct Level 1,11.3
STATEN ISLAND,Black,Pct Level 1,51.6
STATEN ISLAND,Hispanic,Pct Level 1,39.7
STATEN ISLAND,Multi-Racial,Pct Level 1,25.6
STATEN ISLAND,Native American,Pct Level 1,34.8
STATEN ISLAND,White,Pct Level 1,17.5
STATEN ISLAND,Asian,Pct Level 1,10.3
STATEN ISLAND,Black,Pct Level 1,52.2
STATEN ISLAND,Hispanic,Pct Level 1,39.7
STATEN ISLAND,Multi-Racial,Pct Level 1,25.5
STATEN ISLAND,Native American,Pct Level 1,24.5
STATEN ISLAND,White,Pct Level 1,17.0
STATEN ISLAND,Asian,Pct Level 1,9.1
STATEN ISLAND,Black,Pct Level 1,49.8
STATEN ISLAND,Hispanic,Pct Level 1,39.8
STATEN ISLAND,Multi-Racial,Pct Level 1,27.5
STATEN ISLAND,Native American,Pct Level 1,25.5
STATEN ISLAND,White,Pct Level 1,17.5
STATEN ISLAND,Asian,Pct Level 1,9.2
STATEN ISLAND,Black,Pct Level 1,50.6
STATEN ISLAND,Hispanic,Pct Level 1,40.0
STATEN ISLAND,Multi-Racial,Pct Level 1,27.8
STATEN ISLAND,Native American,Pct Level 1,27.8
STATEN ISLAND,White,Pct Level 1,16.8
STATEN ISLAND,Asian,Pct Level 1,11.4
STATEN ISLAND,Black,Pct Level 1,56.8
STATEN ISLAND,Hispanic,Pct Level 1,43.9
STATEN ISLAND,Multi-Racial,Pct Level 1,27.3
STATEN ISLAND,Native American,Pct Level 1,30.8
STATEN ISLAND,White,Pct Level 1,19.1
BRONX,Asian,Pct Level 2,22.7
BRONX,Black,Pct Level 2,30.9
BRONX,Hispanic,Pct Level 2,31.1
BRONX,Multi-Racial,Pct Level 2,21.3
BRONX,Native American,Pct Level 2,28.7
BRONX,White,Pct Level 2,27.1
BRONX,Asian,Pct Level 2,26.1
BRONX,Black,Pct Level 2,33.9
BRONX,Hispanic,Pct Level 2,33.8
BRONX,Multi-Racial,Pct Level 2,29.2
BRONX,Native American,Pct Level 2,33.1
BRONX,White,Pct Level 2,29.9
BRONX,Asian,Pct Level 2,24.7
BRONX,Black,Pct Level 2,33.1
BRONX,Hispanic,Pct Level 2,32.6
BRONX,Multi-Racial,Pct Level 2,30.9
BRONX,Native American,Pct Level 2,29.8
BRONX,White,Pct Level 2,27.6
BRONX,Asian,Pct Level 2,24.5
BRONX,Black,Pct Level 2,35.8
BRONX,Hispanic,Pct Level 2,34.7
BRONX,Multi-Racial,Pct Level 2,32.9
BRONX,Native American,Pct Level 2,34.9
BRONX,White,Pct Level 2,28.8
BRONX,Asian,Pct Level 2,30.3
BRONX,Black,Pct Level 2,38.7
BRONX,Hispanic,Pct Level 2,37.5
BRONX,Multi-Racial,Pct Level 2,33.7
BRONX,Native American,Pct Level 2,39.9
BRONX,White,Pct Level 2,33.9
BRONX,Asian,Pct Level 2,32.6
BRONX,Black,Pct Level 2,39.6
BRONX,Hispanic,Pct Level 2,38.4
BRONX,Multi-Racial,Pct Level 2,36.2
BRONX,Native American,Pct Level 2,39.9
BRONX,White,Pct Level 2,34.5
BRONX,Asian,Pct Level 2,37.6
BRONX,Black,Pct Level 2,37.1
BRONX,Hispanic,Pct Level 2,37.1
BRONX,Multi-Racial,Pct Level 2,41.4
BRONX,Native American,Pct Level 2,39.0
BRONX,White,Pct Level 2,37.2
BRONX,Asian,Pct Level 2,37.1
BRONX,Black,Pct Level 2,38.0
BRONX,Hispanic,Pct Level 2,37.0
BRONX,Multi-Racial,Pct Level 2,36.9
BRONX,Native American,Pct Level 2,37.3
BRONX,White,Pct Level 2,38.7
BRONX,Asian,Pct Level 2,36.8
BRONX,Black,Pct Level 2,36.7
BRONX,Hispanic,Pct Level 2,36.2
BRONX,Multi-Racial,Pct Level 2,25.6
BRONX,Native American,Pct Level 2,39.5
BRONX,White,Pct Level 2,37.7
BROOKLYN,Asian,Pct Level 2,18.1
BROOKLYN,Black,Pct Level 2,29.7
BROOKLYN,Hispanic,Pct Level 2,29.9
BROOKLYN,Multi-Racial,Pct Level 2,17.0
BROOKLYN,Native American,Pct Level 2,25.5
BROOKLYN,White,Pct Level 2,19.2
BROOKLYN,Asian,Pct Level 2,20.7
BROOKLYN,Black,Pct Level 2,34.0
BROOKLYN,Hispanic,Pct Level 2,33.3
BROOKLYN,Multi-Racial,Pct Level 2,17.9
BROOKLYN,Native American,Pct Level 2,33.3
BROOKLYN,White,Pct Level 2,22.3
BROOKLYN,Asian,Pct Level 2,21.0
BROOKLYN,Black,Pct Level 2,32.2
BROOKLYN,Hispanic,Pct Level 2,32.6
BROOKLYN,Multi-Racial,Pct Level 2,18.3
BROOKLYN,Native American,Pct Level 2,31.6
BROOKLYN,White,Pct Level 2,20.3
BROOKLYN,Asian,Pct Level 2,21.9
BROOKLYN,Black,Pct Level 2,34.9
BROOKLYN,Hispanic,Pct Level 2,34.5
BROOKLYN,Multi-Racial,Pct Level 2,20.0
BROOKLYN,Native American,Pct Level 2,33.5
BROOKLYN,White,Pct Level 2,21.6
BROOKLYN,Asian,Pct Level 2,26.6
BROOKLYN,Black,Pct Level 2,38.4
BROOKLYN,Hispanic,Pct Level 2,37.4
BROOKLYN,Multi-Racial,Pct Level 2,23.2
BROOKLYN,Native American,Pct Level 2,36.7
BROOKLYN,White,Pct Level 2,25.3
BROOKLYN,Asian,Pct Level 2,28.6
BROOKLYN,Black,Pct Level 2,39.5
BROOKLYN,Hispanic,Pct Level 2,38.4
BROOKLYN,Multi-Racial,Pct Level 2,23.6
BROOKLYN,Native American,Pct Level 2,35.2
BROOKLYN,White,Pct Level 2,26.2
BROOKLYN,Asian,Pct Level 2,30.3
BROOKLYN,Black,Pct Level 2,38.8
BROOKLYN,Hispanic,Pct Level 2,39.0
BROOKLYN,Multi-Racial,Pct Level 2,26.0
BROOKLYN,Native American,Pct Level 2,35.5
BROOKLYN,White,Pct Level 2,30.9
BROOKLYN,Asian,Pct Level 2,32.1
BROOKLYN,Black,Pct Level 2,39.5
BROOKLYN,Hispanic,Pct Level 2,39.6
BROOKLYN,Multi-Racial,Pct Level 2,25.0
BROOKLYN,Native American,Pct Level 2,40.1
BROOKLYN,White,Pct Level 2,31.5
BROOKLYN,Asian,Pct Level 2,33.9
BROOKLYN,Black,Pct Level 2,38.9
BROOKLYN,Hispanic,Pct Level 2,38.7
BROOKLYN,Multi-Racial,Pct Level 2,30.6
BROOKLYN,Native American,Pct Level 2,37.2
BROOKLYN,White,Pct Level 2,33.0
MANHATTAN,Asian,Pct Level 2,11.4
MANHATTAN,Black,Pct Level 2,30.6
MANHATTAN,Hispanic,Pct Level 2,29.3
MANHATTAN,Multi-Racial,Pct Level 2,9.9
MANHATTAN,Native American,Pct Level 2,24.7
MANHATTAN,White,Pct Level 2,10.3
MANHATTAN,Asian,Pct Level 2,13.9
MANHATTAN,Black,Pct Level 2,34.3
MANHATTAN,Hispanic,Pct Level 2,33.5
MANHATTAN,Multi-Racial,Pct Level 2,13.1
MANHATTAN,Native American,Pct Level 2,28.2
MANHATTAN,White,Pct Level 2,13.4
MANHATTAN,Asian,Pct Level 2,13.9
MANHATTAN,Black,Pct Level 2,33.7
MANHATTAN,Hispanic,Pct Level 2,31.9
MANHATTAN,Multi-Racial,Pct Level 2,11.5
MANHATTAN,Native American,Pct Level 2,26.2
MANHATTAN,White,Pct Level 2,11.7
MANHATTAN,Asian,Pct Level 2,15.9
MANHATTAN,Black,Pct Level 2,35.1
MANHATTAN,Hispanic,Pct Level 2,34.2
MANHATTAN,Multi-Racial,Pct Level 2,12.7
MANHATTAN,Native American,Pct Level 2,24.0
MANHATTAN,White,Pct Level 2,12.0
MANHATTAN,Asian,Pct Level 2,20.7
MANHATTAN,Black,Pct Level 2,37.7
MANHATTAN,Hispanic,Pct Level 2,37.8
MANHATTAN,Multi-Racial,Pct Level 2,16.1
MANHATTAN,Native American,Pct Level 2,31.0
MANHATTAN,White,Pct Level 2,15.6
MANHATTAN,Asian,Pct Level 2,22.8
MANHATTAN,Black,Pct Level 2,38.0
MANHATTAN,Hispanic,Pct Level 2,38.0
MANHATTAN,Multi-Racial,Pct Level 2,15.4
MANHATTAN,Native American,Pct Level 2,31.2
MANHATTAN,White,Pct Level 2,17.1
MANHATTAN,Asian,Pct Level 2,26.6
MANHATTAN,Black,Pct Level 2,37.5
MANHATTAN,Hispanic,Pct Level 2,38.5
MANHATTAN,Multi-Racial,Pct Level 2,23.8
MANHATTAN,Native American,Pct Level 2,31.8
MANHATTAN,White,Pct Level 2,20.5
MANHATTAN,Asian,Pct Level 2,28.7
MANHATTAN,Black,Pct Level 2,37.0
MANHATTAN,Hispanic,Pct Level 2,39.1
MANHATTAN,Multi-Racial,Pct Level 2,21.7
MANHATTAN,Native American,Pct Level 2,32.3
MANHATTAN,White,Pct Level 2,22.2
MANHATTAN,Asian,Pct Level 2,28.3
MANHATTAN,Black,Pct Level 2,37.3
MANHATTAN,Hispanic,Pct Level 2,38.9
MANHATTAN,Multi-Racial,Pct Level 2,24.0
MANHATTAN,Native American,Pct Level 2,31.3
MANHATTAN,White,Pct Level 2,22.9
QUEENS,Asian,Pct Level 2,17.1
QUEENS,Black,Pct Level 2,30.9
QUEENS,Hispanic,Pct Level 2,29.2
QUEENS,Multi-Racial,Pct Level 2,18.7
QUEENS,Native American,Pct Level 2,26.8
QUEENS,White,Pct Level 2,20.7
QUEENS,Asian,Pct Level 2,19.6
QUEENS,Black,Pct Level 2,33.6
QUEENS,Hispanic,Pct Level 2,33.2
QUEENS,Multi-Racial,Pct Level 2,19.0
QUEENS,Native American,Pct Level 2,30.4
QUEENS,White,Pct Level 2,23.4
QUEENS,Asian,Pct Level 2,19.9
QUEENS,Black,Pct Level 2,33.0
QUEENS,Hispanic,Pct Level 2,32.1
QUEENS,Multi-Racial,Pct Level 2,18.5
QUEENS,Native American,Pct Level 2,31.5
QUEENS,White,Pct Level 2,23.4
QUEENS,Asian,Pct Level 2,20.8
QUEENS,Black,Pct Level 2,35.3
QUEENS,Hispanic,Pct Level 2,34.1
QUEENS,Multi-Racial,Pct Level 2,17.8
QUEENS,Native American,Pct Level 2,31.6
QUEENS,White,Pct Level 2,24.2
QUEENS,Asian,Pct Level 2,26.1
QUEENS,Black,Pct Level 2,39.0
QUEENS,Hispanic,Pct Level 2,37.9
QUEENS,Multi-Racial,Pct Level 2,25.2
QUEENS,Native American,Pct Level 2,36.5
QUEENS,White,Pct Level 2,28.6
QUEENS,Asian,Pct Level 2,27.8
QUEENS,Black,Pct Level 2,40.6
QUEENS,Hispanic,Pct Level 2,39.8
QUEENS,Multi-Racial,Pct Level 2,26.6
QUEENS,Native American,Pct Level 2,39.4
QUEENS,White,Pct Level 2,30.3
QUEENS,Asian,Pct Level 2,32.2
QUEENS,Black,Pct Level 2,39.9
QUEENS,Hispanic,Pct Level 2,40.6
QUEENS,Multi-Racial,Pct Level 2,30.4
QUEENS,Native American,Pct Level 2,40.8
QUEENS,White,Pct Level 2,34.7
QUEENS,Asian,Pct Level 2,33.6
QUEENS,Black,Pct Level 2,40.0
QUEENS,Hispanic,Pct Level 2,41.7
QUEENS,Multi-Racial,Pct Level 2,26.1
QUEENS,Native American,Pct Level 2,40.9
QUEENS,White,Pct Level 2,35.7
QUEENS,Asian,Pct Level 2,34.7
QUEENS,Black,Pct Level 2,40.4
QUEENS,Hispanic,Pct Level 2,41.9
QUEENS,Multi-Racial,Pct Level 2,29.4
QUEENS,Native American,Pct Level 2,39.1
QUEENS,White,Pct Level 2,37.4
STATEN ISLAND,Asian,Pct Level 2,17.8
STATEN ISLAND,Black,Pct Level 2,29.6
STATEN ISLAND,Hispanic,Pct Level 2,30.4
STATEN ISLAND,Multi-Racial,Pct Level 2,22.6
STATEN ISLAND,Native American,Pct Level 2,31.0
STATEN ISLAND,White,Pct Level 2,21.8
STATEN ISLAND,Asian,Pct Level 2,21.3
STATEN ISLAND,Black,Pct Level 2,31.8
STATEN ISLAND,Hispanic,Pct Level 2,32.6
STATEN ISLAND,Multi-Racial,Pct Level 2,25.6
STATEN ISLAND,Native American,Pct Level 2,28.0
STATEN ISLAND,White,Pct Level 2,23.2
STATEN ISLAND,Asian,Pct Level 2,20.4
STATEN ISLAND,Black,Pct Level 2,31.9
STATEN ISLAND,Hispanic,Pct Level 2,32.3
STATEN ISLAND,Multi-Racial,Pct Level 2,25.3
STATEN ISLAND,Native American,Pct Level 2,29.7
STATEN ISLAND,White,Pct Level 2,24.5
STATEN ISLAND,Asian,Pct Level 2,20.9
STATEN ISLAND,Black,Pct Level 2,35.1
STATEN ISLAND,Hispanic,Pct Level 2,34.3
STATEN ISLAND,Multi-Racial,Pct Level 2,23.2
STATEN ISLAND,Native American,Pct Level 2,26.3
STATEN ISLAND,White,Pct Level 2,25.7
STATEN ISLAND,Asian,Pct Level 2,24.8
STATEN ISLAND,Black,Pct Level 2,35.6
STATEN ISLAND,Hispanic,Pct Level 2,38.0
STATEN ISLAND,Multi-Racial,Pct Level 2,30.2
STATEN ISLAND,Native American,Pct Level 2,25.4
STATEN ISLAND,White,Pct Level 2,31.2
STATEN ISLAND,Asian,Pct Level 2,26.3
STATEN ISLAND,Black,Pct Level 2,37.8
STATEN ISLAND,Hispanic,Pct Level 2,38.9
STATEN ISLAND,Multi-Racial,Pct Level 2,33.3
STATEN ISLAND,Native American,Pct Level 2,38.5
STATEN ISLAND,White,Pct Level 2,32.6
STATEN ISLAND,Asian,Pct Level 2,30.2
STATEN ISLAND,Black,Pct Level 2,37.9
STATEN ISLAND,Hispanic,Pct Level 2,39.9
STATEN ISLAND,Multi-Racial,Pct Level 2,42.9
STATEN ISLAND,Native American,Pct Level 2,37.1
STATEN ISLAND,White,Pct Level 2,35.7
STATEN ISLAND,Asian,Pct Level 2,32.4
STATEN ISLAND,Black,Pct Level 2,37.1
STATEN ISLAND,Hispanic,Pct Level 2,40.8
STATEN ISLAND,Multi-Racial,Pct Level 2,36.9
STATEN ISLAND,Native American,Pct Level 2,34.0
STATEN ISLAND,White,Pct Level 2,39.4
STATEN ISLAND,Asian,Pct Level 2,34.7
STATEN ISLAND,Black,Pct Level 2,34.7
STATEN ISLAND,Hispanic,Pct Level 2,40.3
STATEN ISLAND,Multi-Racial,Pct Level 2,49.5
STATEN ISLAND,Native American,Pct Level 2,41.0
STATEN ISLAND,White,Pct Level 2,40.6
BRONX,Asian,Pct Level 2,21.5
BRONX,Black,Pct Level 2,29.3
BRONX,Hispanic,Pct Level 2,29.5
BRONX,Multi-Racial,Pct Level 2,23.1
BRONX,Native American,Pct Level 2,27.4
BRONX,White,Pct Level 2,23.5
BRONX,Asian,Pct Level 2,24.7
BRONX,Black,Pct Level 2,23.7
BRONX,Hispanic,Pct Level 2,25.3
BRONX,Multi-Racial,Pct Level 2,26.7
BRONX,Native American,Pct Level 2,23.9
BRONX,White,Pct Level 2,24.5
BRONX,Asian,Pct Level 2,21.9
BRONX,Black,Pct Level 2,27.4
BRONX,Hispanic,Pct Level 2,28.0
BRONX,Multi-Racial,Pct Level 2,23.7
BRONX,Native American,Pct Level 2,26.2
BRONX,White,Pct Level 2,25.1
BRONX,Asian,Pct Level 2,23.0
BRONX,Black,Pct Level 2,27.6
BRONX,Hispanic,Pct Level 2,27.7
BRONX,Multi-Racial,Pct Level 2,25.8
BRONX,Native American,Pct Level 2,26.5
BRONX,White,Pct Level 2,25.8
BRONX,Asian,Pct Level 2,26.4
BRONX,Black,Pct Level 2,30.8
BRONX,Hispanic,Pct Level 2,31.3
BRONX,Multi-Racial,Pct Level 2,31.2
BRONX,Native American,Pct Level 2,32.3
BRONX,White,Pct Level 2,32.0
BRONX,Asian,Pct Level 2,28.5
BRONX,Black,Pct Level 2,32.9
BRONX,Hispanic,Pct Level 2,33.3
BRONX,Multi-Racial,Pct Level 2,34.5
BRONX,Native American,Pct Level 2,33.4
BRONX,White,Pct Level 2,31.7
BRONX,Asian,Pct Level 2,29.6
BRONX,Black,Pct Level 2,33.0
BRONX,Hispanic,Pct Level 2,33.3
BRONX,Multi-Racial,Pct Level 2,37.2
BRONX,Native American,Pct Level 2,32.1
BRONX,White,Pct Level 2,33.1
BRONX,Asian,Pct Level 2,29.3
BRONX,Black,Pct Level 2,34.1
BRONX,Hispanic,Pct Level 2,33.8
BRONX,Multi-Racial,Pct Level 2,24.0
BRONX,Native American,Pct Level 2,32.7
BRONX,White,Pct Level 2,31.7
BRONX,Asian,Pct Level 2,30.7
BRONX,Black,Pct Level 2,33.2
BRONX,Hispanic,Pct Level 2,33.7
BRONX,Multi-Racial,Pct Level 2,31.9
BRONX,Native American,Pct Level 2,31.9
BRONX,White,Pct Level 2,36.6
BROOKLYN,Asian,Pct Level 2,13.9
BROOKLYN,Black,Pct Level 2,28.4
BROOKLYN,Hispanic,Pct Level 2,29.2
BROOKLYN,Multi-Racial,Pct Level 2,17.0
BROOKLYN,Native American,Pct Level 2,25.0
BROOKLYN,White,Pct Level 2,19.0
BROOKLYN,Asian,Pct Level 2,17.7
BROOKLYN,Black,Pct Level 2,25.7
BROOKLYN,Hispanic,Pct Level 2,26.2
BROOKLYN,Multi-Racial,Pct Level 2,20.3
BROOKLYN,Native American,Pct Level 2,21.0
BROOKLYN,White,Pct Level 2,22.1
BROOKLYN,Asian,Pct Level 2,15.3
BROOKLYN,Black,Pct Level 2,28.1
BROOKLYN,Hispanic,Pct Level 2,28.5
BROOKLYN,Multi-Racial,Pct Level 2,17.6
BROOKLYN,Native American,Pct Level 2,26.2
BROOKLYN,White,Pct Level 2,19.3
BROOKLYN,Asian,Pct Level 2,16.5
BROOKLYN,Black,Pct Level 2,28.8
BROOKLYN,Hispanic,Pct Level 2,29.0
BROOKLYN,Multi-Racial,Pct Level 2,19.4
BROOKLYN,Native American,Pct Level 2,23.1
BROOKLYN,White,Pct Level 2,20.6
BROOKLYN,Asian,Pct Level 2,20.4
BROOKLYN,Black,Pct Level 2,33.0
BROOKLYN,Hispanic,Pct Level 2,32.5
BROOKLYN,Multi-Racial,Pct Level 2,21.7
BROOKLYN,Native American,Pct Level 2,29.2
BROOKLYN,White,Pct Level 2,24.3
BROOKLYN,Asian,Pct Level 2,21.3
BROOKLYN,Black,Pct Level 2,34.3
BROOKLYN,Hispanic,Pct Level 2,35.1
BROOKLYN,Multi-Racial,Pct Level 2,22.4
BROOKLYN,Native American,Pct Level 2,34.1
BROOKLYN,White,Pct Level 2,25.4
BROOKLYN,Asian,Pct Level 2,21.9
BROOKLYN,Black,Pct Level 2,34.2
BROOKLYN,Hispanic,Pct Level 2,35.5
BROOKLYN,Multi-Racial,Pct Level 2,24.5
BROOKLYN,Native American,Pct Level 2,36.7
BROOKLYN,White,Pct Level 2,26.6
BROOKLYN,Asian,Pct Level 2,22.9
BROOKLYN,Black,Pct Level 2,34.6
BROOKLYN,Hispanic,Pct Level 2,35.7
BROOKLYN,Multi-Racial,Pct Level 2,26.9
BROOKLYN,Native American,Pct Level 2,31.4
BROOKLYN,White,Pct Level 2,27.4
BROOKLYN,Asian,Pct Level 2,26.2
BROOKLYN,Black,Pct Level 2,34.8
BROOKLYN,Hispanic,Pct Level 2,37.2
BROOKLYN,Multi-Racial,Pct Level 2,29.3
BROOKLYN,Native American,Pct Level 2,40.4
BROOKLYN,White,Pct Level 2,30.9
MANHATTAN,Asian,Pct Level 2,7.9
MANHATTAN,Black,Pct Level 2,27.8
MANHATTAN,Hispanic,Pct Level 2,28.2
MANHATTAN,Multi-Racial,Pct Level 2,10.8
MANHATTAN,Native American,Pct Level 2,23.2
MANHATTAN,White,Pct Level 2,10.6
MANHATTAN,Asian,Pct Level 2,11.7
MANHATTAN,Black,Pct Level 2,21.5
MANHATTAN,Hispanic,Pct Level 2,26.5
MANHATTAN,Multi-Racial,Pct Level 2,12.7
MANHATTAN,Native American,Pct Level 2,21.2
MANHATTAN,White,Pct Level 2,15.6
MANHATTAN,Asian,Pct Level 2,9.9
MANHATTAN,Black,Pct Level 2,27.8
MANHATTAN,Hispanic,Pct Level 2,27.7
MANHATTAN,Multi-Racial,Pct Level 2,10.6
MANHATTAN,Native American,Pct Level 2,24.1
MANHATTAN,White,Pct Level 2,10.8
MANHATTAN,Asian,Pct Level 2,11.2
MANHATTAN,Black,Pct Level 2,25.4
MANHATTAN,Hispanic,Pct Level 2,28.4
MANHATTAN,Multi-Racial,Pct Level 2,11.6
MANHATTAN,Native American,Pct Level 2,22.3
MANHATTAN,White,Pct Level 2,11.4
MANHATTAN,Asian,Pct Level 2,14.2
MANHATTAN,Black,Pct Level 2,29.0
MANHATTAN,Hispanic,Pct Level 2,32.5
MANHATTAN,Multi-Racial,Pct Level 2,14.6
MANHATTAN,Native American,Pct Level 2,26.9
MANHATTAN,White,Pct Level 2,15.3
MANHATTAN,Asian,Pct Level 2,15.1
MANHATTAN,Black,Pct Level 2,31.8
MANHATTAN,Hispanic,Pct Level 2,34.2
MANHATTAN,Multi-Racial,Pct Level 2,14.7
MANHATTAN,Native American,Pct Level 2,29.7
MANHATTAN,White,Pct Level 2,16.2
MANHATTAN,Asian,Pct Level 2,15.6
MANHATTAN,Black,Pct Level 2,32.2
MANHATTAN,Hispanic,Pct Level 2,34.9
MANHATTAN,Multi-Racial,Pct Level 2,15.4
MANHATTAN,Native American,Pct Level 2,27.2
MANHATTAN,White,Pct Level 2,16.7
MANHATTAN,Asian,Pct Level 2,16.2
MANHATTAN,Black,Pct Level 2,32.1
MANHATTAN,Hispanic,Pct Level 2,35.4
MANHATTAN,Multi-Racial,Pct Level 2,18.6
MANHATTAN,Native American,Pct Level 2,25.0
MANHATTAN,White,Pct Level 2,18.0
MANHATTAN,Asian,Pct Level 2,20.0
MANHATTAN,Black,Pct Level 2,32.5
MANHATTAN,Hispanic,Pct Level 2,36.6
MANHATTAN,Multi-Racial,Pct Level 2,21.7
MANHATTAN,Native American,Pct Level 2,26.6
MANHATTAN,White,Pct Level 2,20.6
QUEENS,Asian,Pct Level 2,14.5
QUEENS,Black,Pct Level 2,29.4
QUEENS,Hispanic,Pct Level 2,29.9
QUEENS,Multi-Racial,Pct Level 2,16.5
QUEENS,Native American,Pct Level 2,24.7
QUEENS,White,Pct Level 2,19.5
QUEENS,Asian,Pct Level 2,18.0
QUEENS,Black,Pct Level 2,27.1
QUEENS,Hispanic,Pct Level 2,27.6
QUEENS,Multi-Racial,Pct Level 2,18.0
QUEENS,Native American,Pct Level 2,26.4
QUEENS,White,Pct Level 2,24.1
QUEENS,Asian,Pct Level 2,16.1
QUEENS,Black,Pct Level 2,29.4
QUEENS,Hispanic,Pct Level 2,29.6
QUEENS,Multi-Racial,Pct Level 2,18.2
QUEENS,Native American,Pct Level 2,25.4
QUEENS,White,Pct Level 2,20.9
QUEENS,Asian,Pct Level 2,17.1
QUEENS,Black,Pct Level 2,29.2
QUEENS,Hispanic,Pct Level 2,29.8
QUEENS,Multi-Racial,Pct Level 2,16.8
QUEENS,Native American,Pct Level 2,27.6
QUEENS,White,Pct Level 2,22.3
QUEENS,Asian,Pct Level 2,21.5
QUEENS,Black,Pct Level 2,33.7
QUEENS,Hispanic,Pct Level 2,35.0
QUEENS,Multi-Racial,Pct Level 2,21.5
QUEENS,Native American,Pct Level 2,31.5
QUEENS,White,Pct Level 2,27.2
QUEENS,Asian,Pct Level 2,22.7
QUEENS,Black,Pct Level 2,35.5
QUEENS,Hispanic,Pct Level 2,37.6
QUEENS,Multi-Racial,Pct Level 2,23.1
QUEENS,Native American,Pct Level 2,34.0
QUEENS,White,Pct Level 2,29.2
QUEENS,Asian,Pct Level 2,23.2
QUEENS,Black,Pct Level 2,34.6
QUEENS,Hispanic,Pct Level 2,37.6
QUEENS,Multi-Racial,Pct Level 2,24.8
QUEENS,Native American,Pct Level 2,33.3
QUEENS,White,Pct Level 2,29.8
QUEENS,Asian,Pct Level 2,23.4
QUEENS,Black,Pct Level 2,35.6
QUEENS,Hispanic,Pct Level 2,37.9
QUEENS,Multi-Racial,Pct Level 2,21.8
QUEENS,Native American,Pct Level 2,34.9
QUEENS,White,Pct Level 2,30.4
QUEENS,Asian,Pct Level 2,27.4
QUEENS,Black,Pct Level 2,36.0
QUEENS,Hispanic,Pct Level 2,39.7
QUEENS,Multi-Racial,Pct Level 2,25.8
QUEENS,Native American,Pct Level 2,35.3
QUEENS,White,Pct Level 2,33.8
STATEN ISLAND,Asian,Pct Level 2,13.6
STATEN ISLAND,Black,Pct Level 2,25.2
STATEN ISLAND,Hispanic,Pct Level 2,28.9
STATEN ISLAND,Multi-Racial,Pct Level 2,21.9
STATEN ISLAND,Native American,Pct Level 2,22.7
STATEN ISLAND,White,Pct Level 2,19.6
STATEN ISLAND,Asian,Pct Level 2,18.7
STATEN ISLAND,Black,Pct Level 2,22.6
STATEN ISLAND,Hispanic,Pct Level 2,28.0
STATEN ISLAND,Multi-Racial,Pct Level 2,23.2
STATEN ISLAND,Native American,Pct Level 2,21.5
STATEN ISLAND,White,Pct Level 2,25.9
STATEN ISLAND,Asian,Pct Level 2,16.4
STATEN ISLAND,Black,Pct Level 2,27.7
STATEN ISLAND,Hispanic,Pct Level 2,29.0
STATEN ISLAND,Multi-Racial,Pct Level 2,22.9
STATEN ISLAND,Native American,Pct Level 2,26.9
STATEN ISLAND,White,Pct Level 2,22.9
STATEN ISLAND,Asian,Pct Level 2,16.9
STATEN ISLAND,Black,Pct Level 2,27.7
STATEN ISLAND,Hispanic,Pct Level 2,29.0
STATEN ISLAND,Multi-Racial,Pct Level 2,24.9
STATEN ISLAND,Native American,Pct Level 2,25.9
STATEN ISLAND,White,Pct Level 2,24.5
STATEN ISLAND,Asian,Pct Level 2,19.8
STATEN ISLAND,Black,Pct Level 2,31.2
STATEN ISLAND,Hispanic,Pct Level 2,33.7
STATEN ISLAND,Multi-Racial,Pct Level 2,30.2
STATEN ISLAND,Native American,Pct Level 2,30.4
STATEN ISLAND,White,Pct Level 2,30.4
STATEN ISLAND,Asian,Pct Level 2,21.8
STATEN ISLAND,Black,Pct Level 2,31.6
STATEN ISLAND,Hispanic,Pct Level 2,36.0
STATEN ISLAND,Multi-Racial,Pct Level 2,28.7
STATEN ISLAND,Native American,Pct Level 2,36.4
STATEN ISLAND,White,Pct Level 2,32.5
STATEN ISLAND,Asian,Pct Level 2,23.0
STATEN ISLAND,Black,Pct Level 2,33.4
STATEN ISLAND,Hispanic,Pct Level 2,36.1
STATEN ISLAND,Multi-Racial,Pct Level 2,35.2
STATEN ISLAND,Native American,Pct Level 2,36.2
STATEN ISLAND,White,Pct Level 2,34.4
STATEN ISLAND,Asian,Pct Level 2,21.4
STATEN ISLAND,Black,Pct Level 2,32.5
STATEN ISLAND,Hispanic,Pct Level 2,36.4
STATEN ISLAND,Multi-Racial,Pct Level 2,27.8
STATEN ISLAND,Native American,Pct Level 2,36.1
STATEN ISLAND,White,Pct Level 2,34.4
STATEN ISLAND,Asian,Pct Level 2,26.7
STATEN ISLAND,Black,Pct Level 2,30.7
STATEN ISLAND,Hispanic,Pct Level 2,37.6
STATEN ISLAND,Multi-Racial,Pct Level 2,37.3
STATEN ISLAND,Native American,Pct Level 2,38.5
STATEN ISLAND,White,Pct Level 2,39.0
BRONX,Asian,Pct Level 3,34.8
BRONX,Black,Pct Level 3,25.7
BRONX,Hispanic,Pct Level 3,25.1
BRONX,Multi-Racial,Pct Level 3,29.6
BRONX,Native American,Pct Level 3,28.9
BRONX,White,Pct Level 3,30.4
BRONX,Asian,Pct Level 3,30.0
BRONX,Black,Pct Level 3,21.8
BRONX,Hispanic,Pct Level 3,21.0
BRONX,Multi-Racial,Pct Level 3,30.4
BRONX,Native American,Pct Level 3,25.8
BRONX,White,Pct Level 3,24.9
BRONX,Asian,Pct Level 3,30.4
BRONX,Black,Pct Level 3,22.8
BRONX,Hispanic,Pct Level 3,22.5
BRONX,Multi-Racial,Pct Level 3,30.9
BRONX,Native American,Pct Level 3,25.7
BRONX,White,Pct Level 3,28.6
BRONX,Asian,Pct Level 3,31.6
BRONX,Black,Pct Level 3,22.6
BRONX,Hispanic,Pct Level 3,22.2
BRONX,Multi-Racial,Pct Level 3,30.1
BRONX,Native American,Pct Level 3,23.2
BRONX,White,Pct Level 3,27.8
BRONX,Asian,Pct Level 3,29.8
BRONX,Black,Pct Level 3,19.5
BRONX,Hispanic,Pct Level 3,19.1
BRONX,Multi-Racial,Pct Level 3,23.9
BRONX,Native American,Pct Level 3,22.4
BRONX,White,Pct Level 3,28.2
BRONX,Asian,Pct Level 3,30.5
BRONX,Black,Pct Level 3,18.2
BRONX,Hispanic,Pct Level 3,17.7
BRONX,Multi-Racial,Pct Level 3,23.8
BRONX,Native American,Pct Level 3,21.3
BRONX,White,Pct Level 3,27.3
BRONX,Asian,Pct Level 3,26.8
BRONX,Black,Pct Level 3,12.9
BRONX,Hispanic,Pct Level 3,12.3
BRONX,Multi-Racial,Pct Level 3,24.8
BRONX,Native American,Pct Level 3,15.5
BRONX,White,Pct Level 3,23.3
BRONX,Asian,Pct Level 3,26.5
BRONX,Black,Pct Level 3,11.6
BRONX,Hispanic,Pct Level 3,11.5
BRONX,Multi-Racial,Pct Level 3,17.2
BRONX,Native American,Pct Level 3,16.1
BRONX,White,Pct Level 3,23.4
BRONX,Asian,Pct Level 3,26.5
BRONX,Black,Pct Level 3,10.6
BRONX,Hispanic,Pct Level 3,10.7
BRONX,Multi-Racial,Pct Level 3,20.0
BRONX,Native American,Pct Level 3,13.6
BRONX,White,Pct Level 3,23.1
BROOKLYN,Asian,Pct Level 3,33.3
BROOKLYN,Black,Pct Level 3,29.8
BROOKLYN,Hispanic,Pct Level 3,28.3
BROOKLYN,Multi-Racial,Pct Level 3,34.7
BROOKLYN,Native American,Pct Level 3,29.1
BROOKLYN,White,Pct Level 3,34.5
BROOKLYN,Asian,Pct Level 3,31.3
BROOKLYN,Black,Pct Level 3,25.0
BROOKLYN,Hispanic,Pct Level 3,25.3
BROOKLYN,Multi-Racial,Pct Level 3,32.8
BROOKLYN,Native American,Pct Level 3,23.1
BROOKLYN,White,Pct Level 3,33.0
BROOKLYN,Asian,Pct Level 3,31.7
BROOKLYN,Black,Pct Level 3,25.3
BROOKLYN,Hispanic,Pct Level 3,25.9
BROOKLYN,Multi-Racial,Pct Level 3,35.0
BROOKLYN,Native American,Pct Level 3,26.1
BROOKLYN,White,Pct Level 3,33.4
BROOKLYN,Asian,Pct Level 3,31.6
BROOKLYN,Black,Pct Level 3,24.9
BROOKLYN,Hispanic,Pct Level 3,25.7
BROOKLYN,Multi-Racial,Pct Level 3,35.6
BROOKLYN,Native American,Pct Level 3,23.6
BROOKLYN,White,Pct Level 3,33.3
BROOKLYN,Asian,Pct Level 3,31.5
BROOKLYN,Black,Pct Level 3,22.4
BROOKLYN,Hispanic,Pct Level 3,22.2
BROOKLYN,Multi-Racial,Pct Level 3,33.9
BROOKLYN,Native American,Pct Level 3,21.3
BROOKLYN,White,Pct Level 3,32.6
BROOKLYN,Asian,Pct Level 3,32.0
BROOKLYN,Black,Pct Level 3,21.7
BROOKLYN,Hispanic,Pct Level 3,21.5
BROOKLYN,Multi-Racial,Pct Level 3,34.3
BROOKLYN,Native American,Pct Level 3,23.3
BROOKLYN,White,Pct Level 3,34.2
BROOKLYN,Asian,Pct Level 3,30.6
BROOKLYN,Black,Pct Level 3,16.1
BROOKLYN,Hispanic,Pct Level 3,16.3
BROOKLYN,Multi-Racial,Pct Level 3,30.8
BROOKLYN,Native American,Pct Level 3,20.1
BROOKLYN,White,Pct Level 3,31.7
BROOKLYN,Asian,Pct Level 3,29.7
BROOKLYN,Black,Pct Level 3,15.7
BROOKLYN,Hispanic,Pct Level 3,15.5
BROOKLYN,Multi-Racial,Pct Level 3,37.6
BROOKLYN,Native American,Pct Level 3,18.2
BROOKLYN,White,Pct Level 3,31.7
BROOKLYN,Asian,Pct Level 3,28.7
BROOKLYN,Black,Pct Level 3,14.3
BROOKLYN,Hispanic,Pct Level 3,13.8
BROOKLYN,Multi-Racial,Pct Level 3,32.6
BROOKLYN,Native American,Pct Level 3,18.4
BROOKLYN,White,Pct Level 3,30.5
MANHATTAN,Asian,Pct Level 3,30.0
MANHATTAN,Black,Pct Level 3,26.2
MANHATTAN,Hispanic,Pct Level 3,29.4
MANHATTAN,Multi-Racial,Pct Level 3,31.4
MANHATTAN,Native American,Pct Level 3,24.1
MANHATTAN,White,Pct Level 3,31.7
MANHATTAN,Asian,Pct Level 3,29.5
MANHATTAN,Black,Pct Level 3,22.0
MANHATTAN,Hispanic,Pct Level 3,25.3
MANHATTAN,Multi-Racial,Pct Level 3,28.5
MANHATTAN,Native American,Pct Level 3,21.0
MANHATTAN,White,Pct Level 3,31.8
MANHATTAN,Asian,Pct Level 3,31.5
MANHATTAN,Black,Pct Level 3,23.3
MANHATTAN,Hispanic,Pct Level 3,26.8
MANHATTAN,Multi-Racial,Pct Level 3,31.3
MANHATTAN,Native American,Pct Level 3,23.2
MANHATTAN,White,Pct Level 3,32.7
MANHATTAN,Asian,Pct Level 3,31.9
MANHATTAN,Black,Pct Level 3,22.7
MANHATTAN,Hispanic,Pct Level 3,26.3
MANHATTAN,Multi-Racial,Pct Level 3,31.3
MANHATTAN,Native American,Pct Level 3,22.8
MANHATTAN,White,Pct Level 3,33.5
MANHATTAN,Asian,Pct Level 3,33.5
MANHATTAN,Black,Pct Level 3,21.0
MANHATTAN,Hispanic,Pct Level 3,23.0
MANHATTAN,Multi-Racial,Pct Level 3,33.4
MANHATTAN,Native American,Pct Level 3,25.1
MANHATTAN,White,Pct Level 3,36.2
MANHATTAN,Asian,Pct Level 3,35.6
MANHATTAN,Black,Pct Level 3,20.1
MANHATTAN,Hispanic,Pct Level 3,21.6
MANHATTAN,Multi-Racial,Pct Level 3,35.9
MANHATTAN,Native American,Pct Level 3,27.4
MANHATTAN,White,Pct Level 3,38.4
MANHATTAN,Asian,Pct Level 3,35.2
MANHATTAN,Black,Pct Level 3,15.6
MANHATTAN,Hispanic,Pct Level 3,16.0
MANHATTAN,Multi-Racial,Pct Level 3,36.2
MANHATTAN,Native American,Pct Level 3,22.3
MANHATTAN,White,Pct Level 3,38.2
MANHATTAN,Asian,Pct Level 3,33.9
MANHATTAN,Black,Pct Level 3,14.6
MANHATTAN,Hispanic,Pct Level 3,14.9
MANHATTAN,Multi-Racial,Pct Level 3,34.5
MANHATTAN,Native American,Pct Level 3,19.5
MANHATTAN,White,Pct Level 3,38.3
MANHATTAN,Asian,Pct Level 3,34.1
MANHATTAN,Black,Pct Level 3,12.9
MANHATTAN,Hispanic,Pct Level 3,13.5
MANHATTAN,Multi-Racial,Pct Level 3,41.3
MANHATTAN,Native American,Pct Level 3,21.6
MANHATTAN,White,Pct Level 3,38.3
QUEENS,Asian,Pct Level 3,34.1
QUEENS,Black,Pct Level 3,29.2
QUEENS,Hispanic,Pct Level 3,27.9
QUEENS,Multi-Racial,Pct Level 3,29.9
QUEENS,Native American,Pct Level 3,34.1
QUEENS,White,Pct Level 3,34.1
QUEENS,Asian,Pct Level 3,31.2
QUEENS,Black,Pct Level 3,24.9
QUEENS,Hispanic,Pct Level 3,25.9
QUEENS,Multi-Racial,Pct Level 3,29.9
QUEENS,Native American,Pct Level 3,30.3
QUEENS,White,Pct Level 3,31.3
QUEENS,Asian,Pct Level 3,32.9
QUEENS,Black,Pct Level 3,25.8
QUEENS,Hispanic,Pct Level 3,27.5
QUEENS,Multi-Racial,Pct Level 3,33.6
QUEENS,Native American,Pct Level 3,30.4
QUEENS,White,Pct Level 3,32.5
QUEENS,Asian,Pct Level 3,33.3
QUEENS,Black,Pct Level 3,25.8
QUEENS,Hispanic,Pct Level 3,28.0
QUEENS,Multi-Racial,Pct Level 3,34.4
QUEENS,Native American,Pct Level 3,29.9
QUEENS,White,Pct Level 3,33.3
QUEENS,Asian,Pct Level 3,33.2
QUEENS,Black,Pct Level 3,22.8
QUEENS,Hispanic,Pct Level 3,25.0
QUEENS,Multi-Racial,Pct Level 3,30.0
QUEENS,Native American,Pct Level 3,27.5
QUEENS,White,Pct Level 3,33.1
QUEENS,Asian,Pct Level 3,34.8
QUEENS,Black,Pct Level 3,22.6
QUEENS,Hispanic,Pct Level 3,24.3
QUEENS,Multi-Racial,Pct Level 3,33.5
QUEENS,Native American,Pct Level 3,26.0
QUEENS,White,Pct Level 3,33.1
QUEENS,Asian,Pct Level 3,32.5
QUEENS,Black,Pct Level 3,16.5
QUEENS,Hispanic,Pct Level 3,19.3
QUEENS,Multi-Racial,Pct Level 3,28.4
QUEENS,Native American,Pct Level 3,22.5
QUEENS,White,Pct Level 3,30.3
QUEENS,Asian,Pct Level 3,31.6
QUEENS,Black,Pct Level 3,16.1
QUEENS,Hispanic,Pct Level 3,18.3
QUEENS,Multi-Racial,Pct Level 3,33.4
QUEENS,Native American,Pct Level 3,21.5
QUEENS,White,Pct Level 3,30.1
QUEENS,Asian,Pct Level 3,31.4
QUEENS,Black,Pct Level 3,14.4
QUEENS,Hispanic,Pct Level 3,17.2
QUEENS,Multi-Racial,Pct Level 3,32.2
QUEENS,Native American,Pct Level 3,22.8
QUEENS,White,Pct Level 3,29.0
STATEN ISLAND,Asian,Pct Level 3,35.9
STATEN ISLAND,Black,Pct Level 3,24.1
STATEN ISLAND,Hispanic,Pct Level 3,28.9
STATEN ISLAND,Multi-Racial,Pct Level 3,35.3
STATEN ISLAND,Native American,Pct Level 3,26.5
STATEN ISLAND,White,Pct Level 3,36.0
STATEN ISLAND,Asian,Pct Level 3,33.0
STATEN ISLAND,Black,Pct Level 3,20.6
STATEN ISLAND,Hispanic,Pct Level 3,25.9
STATEN ISLAND,Multi-Racial,Pct Level 3,34.5
STATEN ISLAND,Native American,Pct Level 3,30.0
STATEN ISLAND,White,Pct Level 3,34.2
STATEN ISLAND,Asian,Pct Level 3,33.8
STATEN ISLAND,Black,Pct Level 3,22.9
STATEN ISLAND,Hispanic,Pct Level 3,26.8
STATEN ISLAND,Multi-Racial,Pct Level 3,38.5
STATEN ISLAND,Native American,Pct Level 3,27.0
STATEN ISLAND,White,Pct Level 3,34.2
STATEN ISLAND,Asian,Pct Level 3,35.3
STATEN ISLAND,Black,Pct Level 3,22.3
STATEN ISLAND,Hispanic,Pct Level 3,27.4
STATEN ISLAND,Multi-Racial,Pct Level 3,35.8
STATEN ISLAND,Native American,Pct Level 3,29.8
STATEN ISLAND,White,Pct Level 3,35.2
STATEN ISLAND,Asian,Pct Level 3,34.0
STATEN ISLAND,Black,Pct Level 3,20.3
STATEN ISLAND,Hispanic,Pct Level 3,24.0
STATEN ISLAND,Multi-Racial,Pct Level 3,31.1
STATEN ISLAND,Native American,Pct Level 3,29.8
STATEN ISLAND,White,Pct Level 3,34.6
STATEN ISLAND,Asian,Pct Level 3,38.1
STATEN ISLAND,Black,Pct Level 3,18.1
STATEN ISLAND,Hispanic,Pct Level 3,23.2
STATEN ISLAND,Multi-Racial,Pct Level 3,32.5
STATEN ISLAND,Native American,Pct Level 3,21.1
STATEN ISLAND,White,Pct Level 3,34.7
STATEN ISLAND,Asian,Pct Level 3,35.5
STATEN ISLAND,Black,Pct Level 3,14.4
STATEN ISLAND,Hispanic,Pct Level 3,17.8
STATEN ISLAND,Multi-Racial,Pct Level 3,21.4
STATEN ISLAND,Native American,Pct Level 3,23.7
STATEN ISLAND,White,Pct Level 3,31.0
STATEN ISLAND,Asian,Pct Level 3,33.2
STATEN ISLAND,Black,Pct Level 3,14.2
STATEN ISLAND,Hispanic,Pct Level 3,16.2
STATEN ISLAND,Multi-Racial,Pct Level 3,32.9
STATEN ISLAND,Native American,Pct Level 3,26.4
STATEN ISLAND,White,Pct Level 3,29.8
STATEN ISLAND,Asian,Pct Level 3,33.2
STATEN ISLAND,Black,Pct Level 3,11.7
STATEN ISLAND,Hispanic,Pct Level 3,14.7
STATEN ISLAND,Multi-Racial,Pct Level 3,20.7
STATEN ISLAND,Native American,Pct Level 3,22.2
STATEN ISLAND,White,Pct Level 3,28.5
BRONX,Asian,Pct Level 3,35.5
BRONX,Black,Pct Level 3,23.8
BRONX,Hispanic,Pct Level 3,25.1
BRONX,Multi-Racial,Pct Level 3,34.4
BRONX,Native American,Pct Level 3,29.9
BRONX,White,Pct Level 3,34.5
BRONX,Asian,Pct Level 3,23.4
BRONX,Black,Pct Level 3,12.0
BRONX,Hispanic,Pct Level 3,12.6
BRONX,Multi-Racial,Pct Level 3,20.1
BRONX,Native American,Pct Level 3,17.3
BRONX,White,Pct Level 3,20.5
BRONX,Asian,Pct Level 3,24.6
BRONX,Black,Pct Level 3,17.0
BRONX,Hispanic,Pct Level 3,18.1
BRONX,Multi-Racial,Pct Level 3,28.9
BRONX,Native American,Pct Level 3,20.0
BRONX,White,Pct Level 3,25.2
BRONX,Asian,Pct Level 3,26.2
BRONX,Black,Pct Level 3,15.3
BRONX,Hispanic,Pct Level 3,16.5
BRONX,Multi-Racial,Pct Level 3,25.2
BRONX,Native American,Pct Level 3,19.8
BRONX,White,Pct Level 3,24.1
BRONX,Asian,Pct Level 3,26.5
BRONX,Black,Pct Level 3,13.3
BRONX,Hispanic,Pct Level 3,13.9
BRONX,Multi-Racial,Pct Level 3,18.0
BRONX,Native American,Pct Level 3,18.1
BRONX,White,Pct Level 3,22.1
BRONX,Asian,Pct Level 3,25.4
BRONX,Black,Pct Level 3,12.7
BRONX,Hispanic,Pct Level 3,13.4
BRONX,Multi-Racial,Pct Level 3,14.7
BRONX,Native American,Pct Level 3,15.7
BRONX,White,Pct Level 3,23.0
BRONX,Asian,Pct Level 3,25.5
BRONX,Black,Pct Level 3,12.9
BRONX,Hispanic,Pct Level 3,13.4
BRONX,Multi-Racial,Pct Level 3,24.1
BRONX,Native American,Pct Level 3,20.3
BRONX,White,Pct Level 3,23.8
BRONX,Asian,Pct Level 3,25.8
BRONX,Black,Pct Level 3,12.5
BRONX,Hispanic,Pct Level 3,13.3
BRONX,Multi-Racial,Pct Level 3,21.5
BRONX,Native American,Pct Level 3,17.5
BRONX,White,Pct Level 3,24.1
BRONX,Asian,Pct Level 3,27.0
BRONX,Black,Pct Level 3,9.9
BRONX,Hispanic,Pct Level 3,11.2
BRONX,Multi-Racial,Pct Level 3,12.8
BRONX,Native American,Pct Level 3,15.7
BRONX,White,Pct Level 3,22.8
BROOKLYN,Asian,Pct Level 3,34.1
BROOKLYN,Black,Pct Level 3,29.0
BROOKLYN,Hispanic,Pct Level 3,28.4
BROOKLYN,Multi-Racial,Pct Level 3,39.1
BROOKLYN,Native American,Pct Level 3,30.2
BROOKLYN,White,Pct Level 3,39.5
BROOKLYN,Asian,Pct Level 3,24.1
BROOKLYN,Black,Pct Level 3,14.7
BROOKLYN,Hispanic,Pct Level 3,16.1
BROOKLYN,Multi-Racial,Pct Level 3,27.0
BROOKLYN,Native American,Pct Level 3,16.6
BROOKLYN,White,Pct Level 3,26.8
BROOKLYN,Asian,Pct Level 3,23.4
BROOKLYN,Black,Pct Level 3,19.2
BROOKLYN,Hispanic,Pct Level 3,20.4
BROOKLYN,Multi-Racial,Pct Level 3,27.3
BROOKLYN,Native American,Pct Level 3,21.9
BROOKLYN,White,Pct Level 3,27.3
BROOKLYN,Asian,Pct Level 3,24.4
BROOKLYN,Black,Pct Level 3,18.3
BROOKLYN,Hispanic,Pct Level 3,20.0
BROOKLYN,Multi-Racial,Pct Level 3,27.9
BROOKLYN,Native American,Pct Level 3,21.6
BROOKLYN,White,Pct Level 3,27.2
BROOKLYN,Asian,Pct Level 3,26.5
BROOKLYN,Black,Pct Level 3,15.5
BROOKLYN,Hispanic,Pct Level 3,17.4
BROOKLYN,Multi-Racial,Pct Level 3,26.5
BROOKLYN,Native American,Pct Level 3,15.2
BROOKLYN,White,Pct Level 3,27.7
BROOKLYN,Asian,Pct Level 3,25.3
BROOKLYN,Black,Pct Level 3,14.7
BROOKLYN,Hispanic,Pct Level 3,16.2
BROOKLYN,Multi-Racial,Pct Level 3,24.3
BROOKLYN,Native American,Pct Level 3,16.5
BROOKLYN,White,Pct Level 3,26.5
BROOKLYN,Asian,Pct Level 3,28.1
BROOKLYN,Black,Pct Level 3,14.7
BROOKLYN,Hispanic,Pct Level 3,17.0
BROOKLYN,Multi-Racial,Pct Level 3,25.8
BROOKLYN,Native American,Pct Level 3,16.2
BROOKLYN,White,Pct Level 3,29.1
BROOKLYN,Asian,Pct Level 3,28.7
BROOKLYN,Black,Pct Level 3,14.1
BROOKLYN,Hispanic,Pct Level 3,17.0
BROOKLYN,Multi-Racial,Pct Level 3,29.9
BROOKLYN,Native American,Pct Level 3,16.4
BROOKLYN,White,Pct Level 3,29.7
BROOKLYN,Asian,Pct Level 3,29.7
BROOKLYN,Black,Pct Level 3,12.9
BROOKLYN,Hispanic,Pct Level 3,14.2
BROOKLYN,Multi-Racial,Pct Level 3,25.3
BROOKLYN,Native American,Pct Level 3,13.7
BROOKLYN,White,Pct Level 3,28.5
MANHATTAN,Asian,Pct Level 3,30.5
MANHATTAN,Black,Pct Level 3,23.4
MANHATTAN,Hispanic,Pct Level 3,27.7
MANHATTAN,Multi-Racial,Pct Level 3,33.9
MANHATTAN,Native American,Pct Level 3,23.2
MANHATTAN,White,Pct Level 3,37.1
MANHATTAN,Asian,Pct Level 3,23.1
MANHATTAN,Black,Pct Level 3,11.6
MANHATTAN,Hispanic,Pct Level 3,16.4
MANHATTAN,Multi-Racial,Pct Level 3,25.2
MANHATTAN,Native American,Pct Level 3,14.7
MANHATTAN,White,Pct Level 3,26.8
MANHATTAN,Asian,Pct Level 3,20.5
MANHATTAN,Black,Pct Level 3,16.8
MANHATTAN,Hispanic,Pct Level 3,21.7
MANHATTAN,Multi-Racial,Pct Level 3,21.5
MANHATTAN,Native American,Pct Level 3,15.3
MANHATTAN,White,Pct Level 3,24.7
MANHATTAN,Asian,Pct Level 3,22.9
MANHATTAN,Black,Pct Level 3,15.4
MANHATTAN,Hispanic,Pct Level 3,19.9
MANHATTAN,Multi-Racial,Pct Level 3,24.4
MANHATTAN,Native American,Pct Level 3,14.7
MANHATTAN,White,Pct Level 3,26.4
MANHATTAN,Asian,Pct Level 3,25.7
MANHATTAN,Black,Pct Level 3,14.2
MANHATTAN,Hispanic,Pct Level 3,17.2
MANHATTAN,Multi-Racial,Pct Level 3,24.9
MANHATTAN,Native American,Pct Level 3,17.8
MANHATTAN,White,Pct Level 3,28.0
MANHATTAN,Asian,Pct Level 3,25.2
MANHATTAN,Black,Pct Level 3,13.1
MANHATTAN,Hispanic,Pct Level 3,16.3
MANHATTAN,Multi-Racial,Pct Level 3,23.7
MANHATTAN,Native American,Pct Level 3,19.1
MANHATTAN,White,Pct Level 3,26.9
MANHATTAN,Asian,Pct Level 3,28.4
MANHATTAN,Black,Pct Level 3,13.7
MANHATTAN,Hispanic,Pct Level 3,16.5
MANHATTAN,Multi-Racial,Pct Level 3,27.5
MANHATTAN,Native American,Pct Level 3,17.9
MANHATTAN,White,Pct Level 3,29.4
MANHATTAN,Asian,Pct Level 3,30.2
MANHATTAN,Black,Pct Level 3,13.9
MANHATTAN,Hispanic,Pct Level 3,16.7
MANHATTAN,Multi-Racial,Pct Level 3,26.2
MANHATTAN,Native American,Pct Level 3,20.1
MANHATTAN,White,Pct Level 3,30.7
MANHATTAN,Asian,Pct Level 3,30.9
MANHATTAN,Black,Pct Level 3,12.1
MANHATTAN,Hispanic,Pct Level 3,13.9
MANHATTAN,Multi-Racial,Pct Level 3,29.7
MANHATTAN,Native American,Pct Level 3,22.8
MANHATTAN,White,Pct Level 3,32.1
QUEENS,Asian,Pct Level 3,36.7
QUEENS,Black,Pct Level 3,28.4
QUEENS,Hispanic,Pct Level 3,28.8
QUEENS,Multi-Racial,Pct Level 3,34.9
QUEENS,Native American,Pct Level 3,37.7
QUEENS,White,Pct Level 3,40.6
QUEENS,Asian,Pct Level 3,25.3
QUEENS,Black,Pct Level 3,14.7
QUEENS,Hispanic,Pct Level 3,17.0
QUEENS,Multi-Racial,Pct Level 3,24.6
QUEENS,Native American,Pct Level 3,23.2
QUEENS,White,Pct Level 3,26.2
QUEENS,Asian,Pct Level 3,24.7
QUEENS,Black,Pct Level 3,19.2
QUEENS,Hispanic,Pct Level 3,22.7
QUEENS,Multi-Racial,Pct Level 3,22.4
QUEENS,Native American,Pct Level 3,24.9
QUEENS,White,Pct Level 3,28.1
QUEENS,Asian,Pct Level 3,25.8
QUEENS,Black,Pct Level 3,17.5
QUEENS,Hispanic,Pct Level 3,22.3
QUEENS,Multi-Racial,Pct Level 3,26.0
QUEENS,Native American,Pct Level 3,24.6
QUEENS,White,Pct Level 3,28.5
QUEENS,Asian,Pct Level 3,26.8
QUEENS,Black,Pct Level 3,15.1
QUEENS,Hispanic,Pct Level 3,20.0
QUEENS,Multi-Racial,Pct Level 3,25.0
QUEENS,Native American,Pct Level 3,22.1
QUEENS,White,Pct Level 3,28.5
QUEENS,Asian,Pct Level 3,26.1
QUEENS,Black,Pct Level 3,14.6
QUEENS,Hispanic,Pct Level 3,19.9
QUEENS,Multi-Racial,Pct Level 3,23.9
QUEENS,Native American,Pct Level 3,20.6
QUEENS,White,Pct Level 3,27.1
QUEENS,Asian,Pct Level 3,28.4
QUEENS,Black,Pct Level 3,15.0
QUEENS,Hispanic,Pct Level 3,20.9
QUEENS,Multi-Racial,Pct Level 3,26.4
QUEENS,Native American,Pct Level 3,23.1
QUEENS,White,Pct Level 3,29.3
QUEENS,Asian,Pct Level 3,30.0
QUEENS,Black,Pct Level 3,15.0
QUEENS,Hispanic,Pct Level 3,21.2
QUEENS,Multi-Racial,Pct Level 3,28.5
QUEENS,Native American,Pct Level 3,22.7
QUEENS,White,Pct Level 3,29.4
QUEENS,Asian,Pct Level 3,29.8
QUEENS,Black,Pct Level 3,12.5
QUEENS,Hispanic,Pct Level 3,18.3
QUEENS,Multi-Racial,Pct Level 3,30.5
QUEENS,Native American,Pct Level 3,21.4
QUEENS,White,Pct Level 3,28.5
STATEN ISLAND,Asian,Pct Level 3,38.5
STATEN ISLAND,Black,Pct Level 3,23.1
STATEN ISLAND,Hispanic,Pct Level 3,29.7
STATEN ISLAND,Multi-Racial,Pct Level 3,37.1
STATEN ISLAND,Native American,Pct Level 3,30.9
STATEN ISLAND,White,Pct Level 3,42.3
STATEN ISLAND,Asian,Pct Level 3,27.2
STATEN ISLAND,Black,Pct Level 3,12.5
STATEN ISLAND,Hispanic,Pct Level 3,16.0
STATEN ISLAND,Multi-Racial,Pct Level 3,21.7
STATEN ISLAND,Native American,Pct Level 3,21.5
STATEN ISLAND,White,Pct Level 3,27.4
STATEN ISLAND,Asian,Pct Level 3,26.1
STATEN ISLAND,Black,Pct Level 3,15.0
STATEN ISLAND,Hispanic,Pct Level 3,21.0
STATEN ISLAND,Multi-Racial,Pct Level 3,28.3
STATEN ISLAND,Native American,Pct Level 3,23.1
STATEN ISLAND,White,Pct Level 3,29.3
STATEN ISLAND,Asian,Pct Level 3,27.5
STATEN ISLAND,Black,Pct Level 3,14.6
STATEN ISLAND,Hispanic,Pct Level 3,20.6
STATEN ISLAND,Multi-Racial,Pct Level 3,27.9
STATEN ISLAND,Native American,Pct Level 3,18.8
STATEN ISLAND,White,Pct Level 3,29.0
STATEN ISLAND,Asian,Pct Level 3,30.6
STATEN ISLAND,Black,Pct Level 3,12.5
STATEN ISLAND,Hispanic,Pct Level 3,18.2
STATEN ISLAND,Multi-Racial,Pct Level 3,22.7
STATEN ISLAND,Native American,Pct Level 3,16.1
STATEN ISLAND,White,Pct Level 3,29.1
STATEN ISLAND,Asian,Pct Level 3,28.9
STATEN ISLAND,Black,Pct Level 3,11.7
STATEN ISLAND,Hispanic,Pct Level 3,16.2
STATEN ISLAND,Multi-Racial,Pct Level 3,25.1
STATEN ISLAND,Native American,Pct Level 3,19.1
STATEN ISLAND,White,Pct Level 3,27.6
STATEN ISLAND,Asian,Pct Level 3,30.5
STATEN ISLAND,Black,Pct Level 3,12.7
STATEN ISLAND,Hispanic,Pct Level 3,16.9
STATEN ISLAND,Multi-Racial,Pct Level 3,20.2
STATEN ISLAND,Native American,Pct Level 3,23.4
STATEN ISLAND,White,Pct Level 3,28.3
STATEN ISLAND,Asian,Pct Level 3,34.5
STATEN ISLAND,Black,Pct Level 3,12.8
STATEN ISLAND,Hispanic,Pct Level 3,17.3
STATEN ISLAND,Multi-Racial,Pct Level 3,29.8
STATEN ISLAND,Native American,Pct Level 3,22.2
STATEN ISLAND,White,Pct Level 3,29.8
STATEN ISLAND,Asian,Pct Level 3,33.0
STATEN ISLAND,Black,Pct Level 3,10.0
STATEN ISLAND,Hispanic,Pct Level 3,14.3
STATEN ISLAND,Multi-Racial,Pct Level 3,20.9
STATEN ISLAND,Native American,Pct Level 3,23.1
STATEN ISLAND,White,Pct Level 3,27.6
BRONX,Asian,Pct Level 4,26.4
BRONX,Black,Pct Level 4,9.8
BRONX,Hispanic,Pct Level 4,9.4
BRONX,Multi-Racial,Pct Level 4,21.6
BRONX,Native American,Pct Level 4,13.8
BRONX,White,Pct Level 4,20.7
BRONX,Asian,Pct Level 4,27.6
BRONX,Black,Pct Level 4,10.0
BRONX,Hispanic,Pct Level 4,9.7
BRONX,Multi-Racial,Pct Level 4,20.3
BRONX,Native American,Pct Level 4,11.8
BRONX,White,Pct Level 4,22.3
BRONX,Asian,Pct Level 4,25.7
BRONX,Black,Pct Level 4,8.8
BRONX,Hispanic,Pct Level 4,8.8
BRONX,Multi-Racial,Pct Level 4,14.5
BRONX,Native American,Pct Level 4,13.6
BRONX,White,Pct Level 4,18.3
BRONX,Asian,Pct Level 4,24.5
BRONX,Black,Pct Level 4,8.1
BRONX,Hispanic,Pct Level 4,7.9
BRONX,Multi-Racial,Pct Level 4,15.7
BRONX,Native American,Pct Level 4,11.5
BRONX,White,Pct Level 4,18.5
BRONX,Asian,Pct Level 4,20.0
BRONX,Black,Pct Level 4,5.8
BRONX,Hispanic,Pct Level 4,5.4
BRONX,Multi-Racial,Pct Level 4,8.8
BRONX,Native American,Pct Level 4,8.5
BRONX,White,Pct Level 4,14.6
BRONX,Asian,Pct Level 4,16.0
BRONX,Black,Pct Level 4,4.4
BRONX,Hispanic,Pct Level 4,4.2
BRONX,Multi-Racial,Pct Level 4,8.1
BRONX,Native American,Pct Level 4,6.3
BRONX,White,Pct Level 4,13.2
BRONX,Asian,Pct Level 4,12.9
BRONX,Black,Pct Level 4,2.5
BRONX,Hispanic,Pct Level 4,2.6
BRONX,Multi-Racial,Pct Level 4,4.8
BRONX,Native American,Pct Level 4,5.6
BRONX,White,Pct Level 4,9.4
BRONX,Asian,Pct Level 4,10.5
BRONX,Black,Pct Level 4,2.3
BRONX,Hispanic,Pct Level 4,2.2
BRONX,Multi-Racial,Pct Level 4,10.7
BRONX,Native American,Pct Level 4,4.1
BRONX,White,Pct Level 4,8.4
BRONX,Asian,Pct Level 4,11.0
BRONX,Black,Pct Level 4,1.8
BRONX,Hispanic,Pct Level 4,1.7
BRONX,Multi-Racial,Pct Level 4,6.7
BRONX,Native American,Pct Level 4,4.6
BRONX,White,Pct Level 4,8.2
BROOKLYN,Asian,Pct Level 4,36.6
BROOKLYN,Black,Pct Level 4,14.4
BROOKLYN,Hispanic,Pct Level 4,13.5
BROOKLYN,Multi-Racial,Pct Level 4,39.3
BROOKLYN,Native American,Pct Level 4,18.7
BROOKLYN,White,Pct Level 4,33.8
BROOKLYN,Asian,Pct Level 4,37.3
BROOKLYN,Black,Pct Level 4,13.9
BROOKLYN,Hispanic,Pct Level 4,13.5
BROOKLYN,Multi-Racial,Pct Level 4,41.5
BROOKLYN,Native American,Pct Level 4,17.4
BROOKLYN,White,Pct Level 4,33.7
BROOKLYN,Asian,Pct Level 4,33.1
BROOKLYN,Black,Pct Level 4,12.1
BROOKLYN,Hispanic,Pct Level 4,11.4
BROOKLYN,Multi-Racial,Pct Level 4,36.8
BROOKLYN,Native American,Pct Level 4,16.2
BROOKLYN,White,Pct Level 4,33.0
BROOKLYN,Asian,Pct Level 4,31.9
BROOKLYN,Black,Pct Level 4,11.4
BROOKLYN,Hispanic,Pct Level 4,11.1
BROOKLYN,Multi-Racial,Pct Level 4,34.3
BROOKLYN,Native American,Pct Level 4,15.9
BROOKLYN,White,Pct Level 4,32.5
BROOKLYN,Asian,Pct Level 4,25.4
BROOKLYN,Black,Pct Level 4,8.5
BROOKLYN,Hispanic,Pct Level 4,8.1
BROOKLYN,Multi-Racial,Pct Level 4,31.3
BROOKLYN,Native American,Pct Level 4,12.9
BROOKLYN,White,Pct Level 4,28.1
BROOKLYN,Asian,Pct Level 4,22.6
BROOKLYN,Black,Pct Level 4,7.1
BROOKLYN,Hispanic,Pct Level 4,6.8
BROOKLYN,Multi-Racial,Pct Level 4,29.2
BROOKLYN,Native American,Pct Level 4,10.0
BROOKLYN,White,Pct Level 4,25.7
BROOKLYN,Asian,Pct Level 4,18.6
BROOKLYN,Black,Pct Level 4,4.4
BROOKLYN,Hispanic,Pct Level 4,4.4
BROOKLYN,Multi-Racial,Pct Level 4,28.4
BROOKLYN,Native American,Pct Level 4,6.2
BROOKLYN,White,Pct Level 4,20.2
BROOKLYN,Asian,Pct Level 4,16.6
BROOKLYN,Black,Pct Level 4,4.2
BROOKLYN,Hispanic,Pct Level 4,3.8
BROOKLYN,Multi-Racial,Pct Level 4,20.4
BROOKLYN,Native American,Pct Level 4,5.2
BROOKLYN,White,Pct Level 4,19.4
BROOKLYN,Asian,Pct Level 4,15.0
BROOKLYN,Black,Pct Level 4,3.3
BROOKLYN,Hispanic,Pct Level 4,3.1
BROOKLYN,Multi-Racial,Pct Level 4,17.7
BROOKLYN,Native American,Pct Level 4,3.8
BROOKLYN,White,Pct Level 4,17.1
MANHATTAN,Asian,Pct Level 4,52.9
MANHATTAN,Black,Pct Level 4,11.3
MANHATTAN,Hispanic,Pct Level 4,14.4
MANHATTAN,Multi-Racial,Pct Level 4,52.8
MANHATTAN,Native American,Pct Level 4,25.3
MANHATTAN,White,Pct Level 4,53.4
MANHATTAN,Asian,Pct Level 4,50.8
MANHATTAN,Black,Pct Level 4,10.8
MANHATTAN,Hispanic,Pct Level 4,14.4
MANHATTAN,Multi-Racial,Pct Level 4,54.5
MANHATTAN,Native American,Pct Level 4,22.1
MANHATTAN,White,Pct Level 4,50.4
MANHATTAN,Asian,Pct Level 4,47.7
MANHATTAN,Black,Pct Level 4,10.6
MANHATTAN,Hispanic,Pct Level 4,13.2
MANHATTAN,Multi-Racial,Pct Level 4,52.6
MANHATTAN,Native American,Pct Level 4,23.2
MANHATTAN,White,Pct Level 4,50.9
MANHATTAN,Asian,Pct Level 4,44.9
MANHATTAN,Black,Pct Level 4,10.6
MANHATTAN,Hispanic,Pct Level 4,12.4
MANHATTAN,Multi-Racial,Pct Level 4,53.0
MANHATTAN,Native American,Pct Level 4,24.0
MANHATTAN,White,Pct Level 4,50.1
MANHATTAN,Asian,Pct Level 4,38.1
MANHATTAN,Black,Pct Level 4,8.3
MANHATTAN,Hispanic,Pct Level 4,9.0
MANHATTAN,Multi-Racial,Pct Level 4,46.2
MANHATTAN,Native American,Pct Level 4,20.4
MANHATTAN,White,Pct Level 4,43.9
MANHATTAN,Asian,Pct Level 4,31.9
MANHATTAN,Black,Pct Level 4,6.3
MANHATTAN,Hispanic,Pct Level 4,6.9
MANHATTAN,Multi-Racial,Pct Level 4,42.2
MANHATTAN,Native American,Pct Level 4,15.5
MANHATTAN,White,Pct Level 4,38.4
MANHATTAN,Asian,Pct Level 4,26.6
MANHATTAN,Black,Pct Level 4,4.5
MANHATTAN,Hispanic,Pct Level 4,4.5
MANHATTAN,Multi-Racial,Pct Level 4,33.7
MANHATTAN,Native American,Pct Level 4,13.9
MANHATTAN,White,Pct Level 4,33.8
MANHATTAN,Asian,Pct Level 4,24.4
MANHATTAN,Black,Pct Level 4,4.4
MANHATTAN,Hispanic,Pct Level 4,3.8
MANHATTAN,Multi-Racial,Pct Level 4,35.1
MANHATTAN,Native American,Pct Level 4,11.9
MANHATTAN,White,Pct Level 4,31.2
MANHATTAN,Asian,Pct Level 4,24.1
MANHATTAN,Black,Pct Level 4,3.8
MANHATTAN,Hispanic,Pct Level 4,3.2
MANHATTAN,Multi-Racial,Pct Level 4,25.3
MANHATTAN,Native American,Pct Level 4,11.9
MANHATTAN,White,Pct Level 4,29.9
QUEENS,Asian,Pct Level 4,39.3
QUEENS,Black,Pct Level 4,14.2
QUEENS,Hispanic,Pct Level 4,13.6
QUEENS,Multi-Racial,Pct Level 4,41.3
QUEENS,Native American,Pct Level 4,20.3
QUEENS,White,Pct Level 4,33.1
QUEENS,Asian,Pct Level 4,40.4
QUEENS,Black,Pct Level 4,14.4
QUEENS,Hispanic,Pct Level 4,15.4
QUEENS,Multi-Racial,Pct Level 4,42.3
QUEENS,Native American,Pct Level 4,19.7
QUEENS,White,Pct Level 4,32.8
QUEENS,Asian,Pct Level 4,36.2
QUEENS,Black,Pct Level 4,11.9
QUEENS,Hispanic,Pct Level 4,13.3
QUEENS,Multi-Racial,Pct Level 4,35.6
QUEENS,Native American,Pct Level 4,15.7
QUEENS,White,Pct Level 4,30.6
QUEENS,Asian,Pct Level 4,35.5
QUEENS,Black,Pct Level 4,11.0
QUEENS,Hispanic,Pct Level 4,13.1
QUEENS,Multi-Racial,Pct Level 4,35.3
QUEENS,Native American,Pct Level 4,16.9
QUEENS,White,Pct Level 4,30.2
QUEENS,Asian,Pct Level 4,29.2
QUEENS,Black,Pct Level 4,8.4
QUEENS,Hispanic,Pct Level 4,9.3
QUEENS,Multi-Racial,Pct Level 4,31.2
QUEENS,Native American,Pct Level 4,12.2
QUEENS,White,Pct Level 4,24.3
QUEENS,Asian,Pct Level 4,25.8
QUEENS,Black,Pct Level 4,7.0
QUEENS,Hispanic,Pct Level 4,8.3
QUEENS,Multi-Racial,Pct Level 4,27.0
QUEENS,Native American,Pct Level 4,11.2
QUEENS,White,Pct Level 4,22.3
QUEENS,Asian,Pct Level 4,20.4
QUEENS,Black,Pct Level 4,4.7
QUEENS,Hispanic,Pct Level 4,5.6
QUEENS,Multi-Racial,Pct Level 4,24.6
QUEENS,Native American,Pct Level 4,8.4
QUEENS,White,Pct Level 4,16.4
QUEENS,Asian,Pct Level 4,18.4
QUEENS,Black,Pct Level 4,4.2
QUEENS,Hispanic,Pct Level 4,4.8
QUEENS,Multi-Racial,Pct Level 4,22.6
QUEENS,Native American,Pct Level 4,7.3
QUEENS,White,Pct Level 4,15.4
QUEENS,Asian,Pct Level 4,17.5
QUEENS,Black,Pct Level 4,3.6
QUEENS,Hispanic,Pct Level 4,4.4
QUEENS,Multi-Racial,Pct Level 4,19.4
QUEENS,Native American,Pct Level 4,4.9
QUEENS,White,Pct Level 4,14.4
STATEN ISLAND,Asian,Pct Level 4,38.6
STATEN ISLAND,Black,Pct Level 4,11.6
STATEN ISLAND,Hispanic,Pct Level 4,14.5
STATEN ISLAND,Multi-Racial,Pct Level 4,24.5
STATEN ISLAND,Native American,Pct Level 4,15.9
STATEN ISLAND,White,Pct Level 4,31.7
STATEN ISLAND,Asian,Pct Level 4,38.3
STATEN ISLAND,Black,Pct Level 4,11.3
STATEN ISLAND,Hispanic,Pct Level 4,14.9
STATEN ISLAND,Multi-Racial,Pct Level 4,24.7
STATEN ISLAND,Native American,Pct Level 4,18.0
STATEN ISLAND,White,Pct Level 4,32.2
STATEN ISLAND,Asian,Pct Level 4,36.1
STATEN ISLAND,Black,Pct Level 4,10.0
STATEN ISLAND,Hispanic,Pct Level 4,12.9
STATEN ISLAND,Multi-Racial,Pct Level 4,20.0
STATEN ISLAND,Native American,Pct Level 4,18.9
STATEN ISLAND,White,Pct Level 4,29.2
STATEN ISLAND,Asian,Pct Level 4,35.3
STATEN ISLAND,Black,Pct Level 4,9.1
STATEN ISLAND,Hispanic,Pct Level 4,13.0
STATEN ISLAND,Multi-Racial,Pct Level 4,25.0
STATEN ISLAND,Native American,Pct Level 4,15.8
STATEN ISLAND,White,Pct Level 4,28.7
STATEN ISLAND,Asian,Pct Level 4,31.2
STATEN ISLAND,Black,Pct Level 4,7.4
STATEN ISLAND,Hispanic,Pct Level 4,9.6
STATEN ISLAND,Multi-Racial,Pct Level 4,19.2
STATEN ISLAND,Native American,Pct Level 4,13.2
STATEN ISLAND,White,Pct Level 4,21.9
STATEN ISLAND,Asian,Pct Level 4,27.0
STATEN ISLAND,Black,Pct Level 4,5.8
STATEN ISLAND,Hispanic,Pct Level 4,7.0
STATEN ISLAND,Multi-Racial,Pct Level 4,12.9
STATEN ISLAND,Native American,Pct Level 4,20.2
STATEN ISLAND,White,Pct Level 4,19.0
STATEN ISLAND,Asian,Pct Level 4,22.8
STATEN ISLAND,Black,Pct Level 4,3.6
STATEN ISLAND,Hispanic,Pct Level 4,5.0
STATEN ISLAND,Multi-Racial,Pct Level 4,12.8
STATEN ISLAND,Native American,Pct Level 4,15.5
STATEN ISLAND,White,Pct Level 4,15.4
STATEN ISLAND,Asian,Pct Level 4,21.8
STATEN ISLAND,Black,Pct Level 4,3.0
STATEN ISLAND,Hispanic,Pct Level 4,4.3
STATEN ISLAND,Multi-Racial,Pct Level 4,8.7
STATEN ISLAND,Native American,Pct Level 4,8.5
STATEN ISLAND,White,Pct Level 4,12.6
STATEN ISLAND,Asian,Pct Level 4,19.0
STATEN ISLAND,Black,Pct Level 4,2.6
STATEN ISLAND,Hispanic,Pct Level 4,3.4
STATEN ISLAND,Multi-Racial,Pct Level 4,5.4
STATEN ISLAND,Native American,Pct Level 4,6.0
STATEN ISLAND,White,Pct Level 4,10.9
BRONX,Asian,Pct Level 4,27.1
BRONX,Black,Pct Level 4,6.2
BRONX,Hispanic,Pct Level 4,6.5
BRONX,Multi-Racial,Pct Level 4,15.6
BRONX,Native American,Pct Level 4,9.2
BRONX,White,Pct Level 4,19.5
BRONX,Asian,Pct Level 4,26.0
BRONX,Black,Pct Level 4,5.3
BRONX,Hispanic,Pct Level 4,5.8
BRONX,Multi-Racial,Pct Level 4,15.8
BRONX,Native American,Pct Level 4,9.8
BRONX,White,Pct Level 4,18.9
BRONX,Asian,Pct Level 4,34.6
BRONX,Black,Pct Level 4,8.7
BRONX,Hispanic,Pct Level 4,10.1
BRONX,Multi-Racial,Pct Level 4,16.0
BRONX,Native American,Pct Level 4,17.4
BRONX,White,Pct Level 4,23.6
BRONX,Asian,Pct Level 4,29.4
BRONX,Black,Pct Level 4,7.4
BRONX,Hispanic,Pct Level 4,8.2
BRONX,Multi-Racial,Pct Level 4,15.7
BRONX,Native American,Pct Level 4,12.1
BRONX,White,Pct Level 4,20.2
BRONX,Asian,Pct Level 4,24.4
BRONX,Black,Pct Level 4,5.5
BRONX,Hispanic,Pct Level 4,5.9
BRONX,Multi-Racial,Pct Level 4,14.8
BRONX,Native American,Pct Level 4,10.2
BRONX,White,Pct Level 4,17.0
BRONX,Asian,Pct Level 4,25.1
BRONX,Black,Pct Level 4,5.6
BRONX,Hispanic,Pct Level 4,5.9
BRONX,Multi-Racial,Pct Level 4,12.1
BRONX,Native American,Pct Level 4,10.3
BRONX,White,Pct Level 4,18.3
BRONX,Asian,Pct Level 4,25.7
BRONX,Black,Pct Level 4,4.4
BRONX,Hispanic,Pct Level 4,4.9
BRONX,Multi-Racial,Pct Level 4,7.6
BRONX,Native American,Pct Level 4,9.4
BRONX,White,Pct Level 4,16.0
BRONX,Asian,Pct Level 4,23.4
BRONX,Black,Pct Level 4,4.1
BRONX,Hispanic,Pct Level 4,4.5
BRONX,Multi-Racial,Pct Level 4,10.7
BRONX,Native American,Pct Level 4,9.8
BRONX,White,Pct Level 4,15.0
BRONX,Asian,Pct Level 4,19.2
BRONX,Black,Pct Level 4,2.6
BRONX,Hispanic,Pct Level 4,2.8
BRONX,Multi-Racial,Pct Level 4,8.5
BRONX,Native American,Pct Level 4,6.0
BRONX,White,Pct Level 4,11.6
BROOKLYN,Asian,Pct Level 4,43.4
BROOKLYN,Black,Pct Level 4,9.4
BROOKLYN,Hispanic,Pct Level 4,9.7
BROOKLYN,Multi-Racial,Pct Level 4,32.6
BROOKLYN,Native American,Pct Level 4,13.9
BROOKLYN,White,Pct Level 4,29.2
BROOKLYN,Asian,Pct Level 4,44.0
BROOKLYN,Black,Pct Level 4,8.5
BROOKLYN,Hispanic,Pct Level 4,9.1
BROOKLYN,Multi-Racial,Pct Level 4,35.0
BROOKLYN,Native American,Pct Level 4,14.1
BROOKLYN,White,Pct Level 4,31.6
BROOKLYN,Asian,Pct Level 4,51.2
BROOKLYN,Black,Pct Level 4,11.7
BROOKLYN,Hispanic,Pct Level 4,13.6
BROOKLYN,Multi-Racial,Pct Level 4,42.1
BROOKLYN,Native American,Pct Level 4,18.4
BROOKLYN,White,Pct Level 4,39.9
BROOKLYN,Asian,Pct Level 4,47.5
BROOKLYN,Black,Pct Level 4,9.9
BROOKLYN,Hispanic,Pct Level 4,11.5
BROOKLYN,Multi-Racial,Pct Level 4,38.4
BROOKLYN,Native American,Pct Level 4,15.8
BROOKLYN,White,Pct Level 4,37.0
BROOKLYN,Asian,Pct Level 4,41.5
BROOKLYN,Black,Pct Level 4,7.1
BROOKLYN,Hispanic,Pct Level 4,8.8
BROOKLYN,Multi-Racial,Pct Level 4,36.1
BROOKLYN,Native American,Pct Level 4,13.1
BROOKLYN,White,Pct Level 4,32.2
BROOKLYN,Asian,Pct Level 4,42.1
BROOKLYN,Black,Pct Level 4,7.3
BROOKLYN,Hispanic,Pct Level 4,8.5
BROOKLYN,Multi-Racial,Pct Level 4,37.6
BROOKLYN,Native American,Pct Level 4,11.4
BROOKLYN,White,Pct Level 4,33.0
BROOKLYN,Asian,Pct Level 4,38.7
BROOKLYN,Black,Pct Level 4,5.4
BROOKLYN,Hispanic,Pct Level 4,7.2
BROOKLYN,Multi-Racial,Pct Level 4,33.1
BROOKLYN,Native American,Pct Level 4,10.1
BROOKLYN,White,Pct Level 4,29.5
BROOKLYN,Asian,Pct Level 4,36.8
BROOKLYN,Black,Pct Level 4,5.1
BROOKLYN,Hispanic,Pct Level 4,6.7
BROOKLYN,Multi-Racial,Pct Level 4,28.1
BROOKLYN,Native American,Pct Level 4,10.0
BROOKLYN,White,Pct Level 4,28.2
BROOKLYN,Asian,Pct Level 4,30.5
BROOKLYN,Black,Pct Level 4,3.5
BROOKLYN,Hispanic,Pct Level 4,4.1
BROOKLYN,Multi-Racial,Pct Level 4,23.9
BROOKLYN,Native American,Pct Level 4,6.1
BROOKLYN,White,Pct Level 4,22.6
MANHATTAN,Asian,Pct Level 4,58.2
MANHATTAN,Black,Pct Level 4,7.2
MANHATTAN,Hispanic,Pct Level 4,9.8
MANHATTAN,Multi-Racial,Pct Level 4,49.7
MANHATTAN,Native American,Pct Level 4,20.6
MANHATTAN,White,Pct Level 4,47.4
MANHATTAN,Asian,Pct Level 4,58.5
MANHATTAN,Black,Pct Level 4,6.5
MANHATTAN,Hispanic,Pct Level 4,10.4
MANHATTAN,Multi-Racial,Pct Level 4,53.2
MANHATTAN,Native American,Pct Level 4,17.6
MANHATTAN,White,Pct Level 4,48.7
MANHATTAN,Asian,Pct Level 4,64.4
MANHATTAN,Black,Pct Level 4,9.3
MANHATTAN,Hispanic,Pct Level 4,14.7
MANHATTAN,Multi-Racial,Pct Level 4,61.7
MANHATTAN,Native American,Pct Level 4,23.4
MANHATTAN,White,Pct Level 4,58.5
MANHATTAN,Asian,Pct Level 4,60.0
MANHATTAN,Black,Pct Level 4,8.2
MANHATTAN,Hispanic,Pct Level 4,12.5
MANHATTAN,Multi-Racial,Pct Level 4,57.4
MANHATTAN,Native American,Pct Level 4,16.2
MANHATTAN,White,Pct Level 4,54.8
MANHATTAN,Asian,Pct Level 4,53.8
MANHATTAN,Black,Pct Level 4,6.2
MANHATTAN,Hispanic,Pct Level 4,9.9
MANHATTAN,Multi-Racial,Pct Level 4,53.9
MANHATTAN,Native American,Pct Level 4,16.9
MANHATTAN,White,Pct Level 4,50.0
MANHATTAN,Asian,Pct Level 4,53.0
MANHATTAN,Black,Pct Level 4,6.2
MANHATTAN,Hispanic,Pct Level 4,8.7
MANHATTAN,Multi-Racial,Pct Level 4,53.6
MANHATTAN,Native American,Pct Level 4,17.8
MANHATTAN,White,Pct Level 4,49.4
MANHATTAN,Asian,Pct Level 4,49.7
MANHATTAN,Black,Pct Level 4,5.8
MANHATTAN,Hispanic,Pct Level 4,7.2
MANHATTAN,Multi-Racial,Pct Level 4,49.6
MANHATTAN,Native American,Pct Level 4,22.4
MANHATTAN,White,Pct Level 4,46.8
MANHATTAN,Asian,Pct Level 4,47.5
MANHATTAN,Black,Pct Level 4,5.3
MANHATTAN,Hispanic,Pct Level 4,6.3
MANHATTAN,Multi-Racial,Pct Level 4,46.4
MANHATTAN,Native American,Pct Level 4,19.5
MANHATTAN,White,Pct Level 4,43.4
MANHATTAN,Asian,Pct Level 4,42.2
MANHATTAN,Black,Pct Level 4,4.1
MANHATTAN,Hispanic,Pct Level 4,4.5
MANHATTAN,Multi-Racial,Pct Level 4,37.0
MANHATTAN,Native American,Pct Level 4,15.6
MANHATTAN,White,Pct Level 4,37.7
QUEENS,Asian,Pct Level 4,40.9
QUEENS,Black,Pct Level 4,8.2
QUEENS,Hispanic,Pct Level 4,9.1
QUEENS,Multi-Racial,Pct Level 4,37.1
QUEENS,Native American,Pct Level 4,16.9
QUEENS,White,Pct Level 4,27.7
QUEENS,Asian,Pct Level 4,43.1
QUEENS,Black,Pct Level 4,7.6
QUEENS,Hispanic,Pct Level 4,9.4
QUEENS,Multi-Racial,Pct Level 4,39.4
QUEENS,Native American,Pct Level 4,16.2
QUEENS,White,Pct Level 4,29.1
QUEENS,Asian,Pct Level 4,49.6
QUEENS,Black,Pct Level 4,10.7
QUEENS,Hispanic,Pct Level 4,15.2
QUEENS,Multi-Racial,Pct Level 4,44.0
QUEENS,Native American,Pct Level 4,21.2
QUEENS,White,Pct Level 4,36.0
QUEENS,Asian,Pct Level 4,46.6
QUEENS,Black,Pct Level 4,9.0
QUEENS,Hispanic,Pct Level 4,13.4
QUEENS,Multi-Racial,Pct Level 4,40.2
QUEENS,Native American,Pct Level 4,18.2
QUEENS,White,Pct Level 4,32.7
QUEENS,Asian,Pct Level 4,40.7
QUEENS,Black,Pct Level 4,6.4
QUEENS,Hispanic,Pct Level 4,10.7
QUEENS,Multi-Racial,Pct Level 4,36.9
QUEENS,Native American,Pct Level 4,14.6
QUEENS,White,Pct Level 4,27.8
QUEENS,Asian,Pct Level 4,40.8
QUEENS,Black,Pct Level 4,6.3
QUEENS,Hispanic,Pct Level 4,10.6
QUEENS,Multi-Racial,Pct Level 4,36.8
QUEENS,Native American,Pct Level 4,15.2
QUEENS,White,Pct Level 4,27.9
QUEENS,Asian,Pct Level 4,37.9
QUEENS,Black,Pct Level 4,6.0
QUEENS,Hispanic,Pct Level 4,9.6
QUEENS,Multi-Racial,Pct Level 4,33.7
QUEENS,Native American,Pct Level 4,15.4
QUEENS,White,Pct Level 4,25.1
QUEENS,Asian,Pct Level 4,35.8
QUEENS,Black,Pct Level 4,5.7
QUEENS,Hispanic,Pct Level 4,8.8
QUEENS,Multi-Racial,Pct Level 4,33.9
QUEENS,Native American,Pct Level 4,16.2
QUEENS,White,Pct Level 4,23.7
QUEENS,Asian,Pct Level 4,30.7
QUEENS,Black,Pct Level 4,3.7
QUEENS,Hispanic,Pct Level 4,6.6
QUEENS,Multi-Racial,Pct Level 4,28.0
QUEENS,Native American,Pct Level 4,10.5
QUEENS,White,Pct Level 4,19.4
STATEN ISLAND,Asian,Pct Level 4,41.7
STATEN ISLAND,Black,Pct Level 4,6.4
STATEN ISLAND,Hispanic,Pct Level 4,9.7
STATEN ISLAND,Multi-Racial,Pct Level 4,18.8
STATEN ISLAND,Native American,Pct Level 4,15.5
STATEN ISLAND,White,Pct Level 4,27.1
STATEN ISLAND,Asian,Pct Level 4,41.7
STATEN ISLAND,Black,Pct Level 4,5.8
STATEN ISLAND,Hispanic,Pct Level 4,8.6
STATEN ISLAND,Multi-Racial,Pct Level 4,21.3
STATEN ISLAND,Native American,Pct Level 4,12.9
STATEN ISLAND,White,Pct Level 4,27.0
STATEN ISLAND,Asian,Pct Level 4,48.5
STATEN ISLAND,Black,Pct Level 4,8.3
STATEN ISLAND,Hispanic,Pct Level 4,13.0
STATEN ISLAND,Multi-Racial,Pct Level 4,24.7
STATEN ISLAND,Native American,Pct Level 4,24.0
STATEN ISLAND,White,Pct Level 4,32.0
STATEN ISLAND,Asian,Pct Level 4,45.7
STATEN ISLAND,Black,Pct Level 4,6.8
STATEN ISLAND,Hispanic,Pct Level 4,11.0
STATEN ISLAND,Multi-Racial,Pct Level 4,22.8
STATEN ISLAND,Native American,Pct Level 4,18.8
STATEN ISLAND,White,Pct Level 4,29.0
STATEN ISLAND,Asian,Pct Level 4,38.4
STATEN ISLAND,Black,Pct Level 4,4.7
STATEN ISLAND,Hispanic,Pct Level 4,8.5
STATEN ISLAND,Multi-Racial,Pct Level 4,21.4
STATEN ISLAND,Native American,Pct Level 4,18.8
STATEN ISLAND,White,Pct Level 4,23.1
STATEN ISLAND,Asian,Pct Level 4,39.0
STATEN ISLAND,Black,Pct Level 4,4.5
STATEN ISLAND,Hispanic,Pct Level 4,8.1
STATEN ISLAND,Multi-Racial,Pct Level 4,20.7
STATEN ISLAND,Native American,Pct Level 4,20.0
STATEN ISLAND,White,Pct Level 4,22.9
STATEN ISLAND,Asian,Pct Level 4,37.4
STATEN ISLAND,Black,Pct Level 4,4.0
STATEN ISLAND,Hispanic,Pct Level 4,7.1
STATEN ISLAND,Multi-Racial,Pct Level 4,17.1
STATEN ISLAND,Native American,Pct Level 4,14.9
STATEN ISLAND,White,Pct Level 4,19.9
STATEN ISLAND,Asian,Pct Level 4,34.8
STATEN ISLAND,Black,Pct Level 4,4.1
STATEN ISLAND,Hispanic,Pct Level 4,6.3
STATEN ISLAND,Multi-Racial,Pct Level 4,14.6
STATEN ISLAND,Native American,Pct Level 4,13.9
STATEN ISLAND,White,Pct Level 4,19.0
STATEN ISLAND,Asian,Pct Level 4,28.8
STATEN ISLAND,Black,Pct Level 4,2.6
STATEN ISLAND,Hispanic,Pct Level 4,4.2
STATEN ISLAND,Multi-Racial,Pct Level 4,14.5
STATEN ISLAND,Native American,Pct Level 4,7.7
STATEN ISLAND,White,Pct Level 4,14.3
